model,degree,features,alpha,cv_mse,cv_std,max_relative_dual_gap,mean_nonzero,fold_1_mse,fold_2_mse,fold_3_mse
lasso,1,3,1.0,38.16519484599937,4.202395605797211,1.2966772650310591e-15,1.6666666666666667,43.371128190104244,38.04494578857578,33.07951055931809
lasso,1,3,0.6812920690579612,37.34810425794955,4.071569488453768,4.959191846936329e-16,2.0,42.552708442180474,36.87901303517541,32.61259129649276
lasso,1,3,0.4641588833612779,36.86144387697146,4.048743524377544,4.250735868802568e-16,2.0,42.25850902966907,35.818885935825875,32.506936665419424
lasso,1,3,0.31622776601683794,36.63624771773095,4.068021859899464,0.0,2.3333333333333335,42.18032508095672,35.19485076921363,32.53356730302251
lasso,1,3,0.2154434690031884,36.530704732882725,4.0953188223366235,1.5255026647424225e-16,3.0,42.17761502626695,34.82159131507381,32.59290785730741
lasso,1,3,0.14677992676220697,36.46254246592184,4.113113758056329,5.339259326598479e-16,3.0,42.16587682821003,34.6010975042949,32.6206530652606
lasso,1,3,0.1,36.43273659342086,4.129037588493602,2.4543304980605013e-16,3.0,42.17754993743925,34.466567662063,32.65409218076035
lasso,1,3,0.06812920690579616,36.4201502297846,4.141640315268438,0.0,3.0,42.1946328556721,34.382196591352766,32.68362124232894
lasso,1,3,0.046415888336127795,36.41515861204511,4.151036677720365,4.908660996121003e-16,3.0,42.210509139378004,34.32809573952273,32.706870957234585
lasso,1,3,0.03162277660168379,36.41342111640628,4.157813039189631,0.0,3.0,42.223292550600064,34.292806342474414,32.724164456144365
lasso,1,3,0.021544346900318846,36.413009388498516,4.162603170981541,3.5422798906688065e-16,3.0,42.23291479943044,34.26949226052901,32.73662110553609
lasso,1,3,0.014677992676220698,36.413087218738774,4.165947004061547,8.181101660201671e-17,3.0,42.23989414394493,34.25394661035246,32.745420901918926
lasso,1,3,0.01,36.413306569258076,4.168262377994566,1.4169119562675225e-16,3.0,42.24484581851452,34.24351239060214,32.751561498657566
lasso,1,3,0.006812920690579615,36.413533212436334,4.169857096244403,4.959191846936329e-16,3.0,42.24831065634229,34.23647646987799,32.75581251108871
lasso,1,3,0.004641588833612782,36.41372345635603,4.170951577082377,1.6362203320403342e-16,3.0,42.250713601144895,34.23171675778512,32.75874001013808
lasso,1,3,0.0031622776601683794,36.41386970056905,4.17170095536152,2.833823912535045e-16,3.0,42.252370378631724,34.22848969452757,32.76074902854787
lasso,1,3,0.0021544346900318843,36.41397705573247,4.1722132256702364,4.250735868802568e-16,3.0,42.25350825811525,34.226298404967686,32.762124504114475
lasso,1,3,0.0014677992676220704,36.41405377932586,4.172563031797627,1.4169119562675225e-16,3.0,42.25428772420989,34.224808877259065,32.763064736508625
lasso,1,3,0.001,36.41410771375548,4.172801723411315,2.833823912535045e-16,3.0,42.25482073530332,34.223795642928756,32.76370676303437
lasso,1,3,0.0006812920690579615,36.41414523086872,4.172964514520626,5.72677116214117e-16,3.0,42.25518478454614,34.22310606271981,32.764144845340205
lasso,1,3,0.0004641588833612782,36.41417114931763,4.1730755028307565,4.576507994227268e-16,3.0,42.25543323219072,34.222636595241426,32.764443620520765
lasso,1,3,0.00031622776601683794,36.41418897367672,4.173151155425827,2.288253997113634e-16,3.0,42.25560269430307,34.22231690768017,32.76464731904693
lasso,1,3,0.00021544346900318845,36.414201194472604,4.173202714176997,3.813756661856056e-16,3.0,42.255718238797435,34.222099179910494,32.76478616470989
lasso,1,3,0.00014677992676220705,36.41420955623763,4.173237848746324,1.5255026647424225e-16,3.0,42.25579700072331,34.22195087751271,32.76488079047686
lasso,1,3,0.0001,36.41421526967435,4.173261789363475,7.362991494181504e-16,3.0,42.255850680269006,34.22184985595612,32.76494527279793
lasso,2,9,1.0,27.717037287967088,4.015552792744425,6.376103803203852e-16,5.333333333333333,32.2746661083636,28.37216408348423,22.504281672053445
lasso,2,9,0.6812920690579612,24.843654738128993,3.937475053642901,1.4169119562675225e-16,5.666666666666667,29.17792652217872,25.70408069907808,19.64895699313018
lasso,2,9,0.4641588833612779,23.526444920474418,3.793782909446148,2.0452754150504178e-16,6.333333333333333,27.609369539402014,24.49936116439849,18.470604057622754
lasso,2,9,0.31622776601683794,22.864053040928486,3.608858377235688,7.438787770404494e-16,6.666666666666667,26.53728882998913,24.09603292207509,17.95883737072125
lasso,2,9,0.2154434690031884,22.539053263816424,3.425144942524852,3.896507879735687e-16,7.333333333333333,25.793911348111287,24.018367042418824,17.804881400919157
lasso,2,9,0.14677992676220697,22.369833244191216,3.2753402179830897,3.896507879735687e-16,7.333333333333333,25.262184332136705,24.05694817563752,17.790367224799432
lasso,2,9,0.1,22.299293606047115,3.183894114122214,3.896507879735687e-16,8.0,24.94275596755888,24.134277910153,17.82084694042946
lasso,2,9,0.06812920690579616,22.270779643239806,3.128433588297611,4.957883660412873e-16,8.333333333333334,24.74501328951595,24.210024098720602,17.857301541482865
lasso,2,9,0.046415888336127795,22.26099191872304,3.0924420430876345,1.144126998556817e-16,8.333333333333334,24.619520868750598,24.271210564638963,17.89224432277956
lasso,2,9,0.03162277660168379,22.258900852742112,3.068648699068722,4.0905508301008356e-16,8.333333333333334,24.538307181187225,24.31734361230532,17.921051764733786
lasso,2,9,0.021544346900318846,22.25960078948101,3.0527892381502415,9.564155704805777e-16,8.333333333333334,24.48496507328896,24.35083789626493,17.942999398889132
lasso,2,9,0.014677992676220698,22.261063785808954,3.042151333705724,4.0905508301008356e-16,8.333333333333334,24.449546327980993,24.374615405123972,17.9590296243219
lasso,2,9,0.01,22.261560863176317,3.0343114079330413,3.2724406640806685e-16,8.666666666666666,24.425844148049787,24.38838743148613,17.97045100999304
lasso,2,9,0.006812920690579615,22.262019480338992,3.028935243320256,2.4543304980605013e-16,9.0,24.410141672977325,24.397452323329002,17.978464444710653
lasso,2,9,0.004641588833612782,22.262569511959807,3.025383522466832,1.2271652490302507e-16,9.0,24.399911161299745,24.403765692715194,17.98403168186448
lasso,2,9,0.0031622776601683794,22.262997206060344,3.022974501826547,4.908660996121003e-16,9.0,24.392986232580334,24.408130777194884,17.987874608405818
lasso,2,9,0.0021544346900318843,22.263313173404455,3.0213382667855604,4.250735868802568e-16,9.0,24.388289238236236,24.411134304672522,17.990515977304607
lasso,2,9,0.0014677992676220704,22.263539849749748,3.020225847633414,4.250735868802568e-16,9.0,24.385098916330044,24.4131943371689,17.992326295750303
lasso,2,9,0.001,22.26369957873801,3.0194690517372615,8.147243748538255e-16,9.0,24.382929879092533,24.41460420456947,17.993564652552017
lasso,2,9,0.0006812920690579615,22.263810859105444,3.0189539578445843,1.4169119562675225e-16,9.0,24.381454221692238,24.41556769905199,17.994410656572096
lasso,2,9,0.0004641588833612782,22.26388781456718,3.01860326320359,3.896507879735687e-16,9.0,24.380449838317627,24.416225495506172,17.99498810987773
lasso,2,9,0.00031622776601683794,22.263940773332138,3.0183644467705495,2.863385581070585e-16,9.0,24.379766010267737,24.416674285373357,17.99538202435532
lasso,2,9,0.00021544346900318845,22.26397709954614,3.0182017936700873,2.6696296632992395e-16,9.0,24.379300332687443,24.41698033865094,17.995650627300037
lasso,2,9,0.00014677992676220705,22.264001962410635,3.0180910029170263,4.604963857869449e-16,9.0,24.378983167276164,24.417188987852125,17.995833732103623
lasso,2,9,0.0001,22.264018954244943,3.018015532972739,5.66764782507009e-16,9.0,24.37876713003459,24.417331202734104,17.995958529966124
lasso,3,19,1.0,22.657625286262356,2.2590152228325153,4.959191846936329e-16,6.333333333333333,25.650693037930374,22.128502254344863,20.193680566511826
lasso,3,19,0.6812920690579612,19.791162154837647,2.1972709334895493,6.864761991340901e-16,8.666666666666666,22.66090009728233,19.38850073978173,17.324085627448877
lasso,3,19,0.4641588833612779,18.1452430029173,2.0339357748896387,1.4169119562675225e-16,10.333333333333334,20.672957229463936,18.070224691268994,15.692547088018976
lasso,3,19,0.31622776601683794,16.929506896239392,1.5740773588982195,5.66764782507009e-16,11.333333333333334,18.935408286751034,16.762528094262045,15.090584307705102
lasso,3,19,0.2154434690031884,16.12753281454319,1.3183014573922032,4.49960591311092e-16,14.0,17.95962734502183,15.510568016838004,14.91240308176974
lasso,3,19,0.14677992676220697,15.114523284605873,1.5155239788087054,5.3134198360032095e-16,16.666666666666668,17.254276329539888,14.151005003652937,13.938288520624797
lasso,3,19,0.1,14.029011656005709,1.420606308193688,8.147243748538255e-16,17.333333333333332,15.975943195812212,12.62627137160205,13.48482040060287
lasso,3,19,0.06812920690579616,13.513356393704095,1.4480603075564102,9.564155704805777e-16,17.666666666666668,15.34945476602014,11.809893267725593,13.380721147366554
lasso,3,19,0.046415888336127795,13.291638998314063,1.5443175750077418,1.0021849533747047e-15,18.333333333333332,15.12386946846177,11.34616775732514,13.404879769155281
lasso,3,19,0.03162277660168379,13.204384344403534,1.6337553785697945,1.3703345280837798e-15,18.333333333333332,15.061958070002285,11.085723603421062,13.46547135978725
lasso,3,19,0.021544346900318846,13.173755588397476,1.7011970105051266,1.0626839672006419e-15,18.666666666666668,15.054444320704626,10.934040481478563,13.532781963009244
lasso,3,19,0.014677992676220698,13.165892045567192,1.749776758488865,1.115818165560674e-15,18.666666666666668,15.065415792641197,10.842654577944824,13.589605766115557
lasso,3,19,0.01,13.166351991814876,1.7839377258196991,9.817321992242005e-16,18.666666666666668,15.08035913177518,10.785942922498757,13.632753921170687
lasso,3,19,0.006812920690579615,13.169401645877306,1.8076220323837022,1.1862597407292423e-15,19.0,15.094006509758124,10.74998967571295,13.66420875216084
lasso,3,19,0.004641588833612782,13.173188373986916,1.8233496070608364,1.0106455153918548e-15,19.0,15.104913413115527,10.728057635249348,13.686594073595868
lasso,3,19,0.0031622776601683794,13.17635267305893,1.8341508613097242,1.1822645651753774e-15,19.0,15.113091056102688,10.713678492654731,13.702288470419374
lasso,3,19,0.0021544346900318843,13.178779753874101,1.8415487802218913,1.4316927905352925e-15,19.0,15.11900907936799,10.70414341023477,13.713186772019544
lasso,3,19,0.0014677992676220704,13.180559216678887,1.846606802339853,1.151240964467362e-15,19.0,15.123201886980564,10.697768525135368,13.720707237920728
lasso,3,19,0.001,13.18182999369929,1.8500610059674532,1.0095497688406098e-15,19.0,15.126133099177276,10.693481664739133,13.725875217181466
lasso,3,19,0.0006812920690579615,13.182722890900171,1.8524181131487178,1.2043751628273942e-15,19.0,15.128164776795083,10.69058719208899,13.729416703816437
lasso,3,19,0.0004641588833612782,13.183343805871052,1.8540257403731928,9.918383693872658e-16,19.0,15.12956503317271,10.688627339921451,13.73183904451899
lasso,3,19,0.00031622776601683794,13.183772674628704,1.8551218131472271,1.09810676610733e-15,19.0,15.130526485299768,10.687297738009482,13.733493800576863
lasso,3,19,0.00021544346900318845,13.18406757220149,1.8558689335582048,1.151240964467362e-15,19.0,15.131184981608245,10.68639450390575,13.734623231090474
lasso,3,19,0.00014677992676220705,13.18426974269797,1.8563781144392697,1.4316927905352925e-15,19.0,15.131635218973694,10.685780350583704,13.735393658536506
lasso,3,19,0.0001,13.184408064285046,1.8567250958637038,1.0095497688406098e-15,19.0,15.131942708976194,10.68536249577882,13.735918988100122
lasso,4,34,1.0,19.138196498585025,2.5582500507125268,7.084559781337613e-16,10.0,21.40365137595722,20.448367058567488,15.562571061230365
lasso,4,34,0.6812920690579612,15.504019797511328,2.1853779126925303,4.0905508301008356e-16,13.0,16.736968239659923,17.341866976779507,12.433224176094553
lasso,4,34,0.4641588833612779,12.750511272185648,2.1771369699163174,3.4323809956704506e-16,15.333333333333334,13.46503646034271,14.98689059542752,9.799606760786718
lasso,4,34,0.31622776601683794,10.59052344531494,1.6448267396031357,4.957883660412873e-16,18.666666666666668,11.115270506799732,12.290715301016402,8.365584528128686
lasso,4,34,0.2154434690031884,9.222367786809368,1.1332165705761514,4.957883660412873e-16,21.666666666666668,9.924646456188071,10.118775323642014,7.623681580598022
lasso,4,34,0.14677992676220697,8.01265169484992,1.1900288514302348,6.198989808670411e-16,24.333333333333332,9.132658500428617,8.540509297634168,6.364787286486974
lasso,4,34,0.1,6.7639232615407225,1.0626764791004497,1.0297142987011351e-15,25.666666666666668,7.959071664488596,6.955422675167654,5.3772754449659175
lasso,4,34,0.06812920690579616,5.9131634862341835,0.8499475201117921,1.1059894319382562e-15,28.333333333333332,6.858669976005696,6.083161584222362,4.797658898474496
lasso,4,34,0.046415888336127795,5.188013814678648,0.6729999695517997,1.2271652490302508e-15,30.0,6.0127942271739645,5.1869584986337625,4.3642887182282175
lasso,4,34,0.03162277660168379,4.669211928661579,0.5695423680080893,1.4257676559941946e-15,32.666666666666664,5.332618989067664,4.733091597781906,3.94192519913517
lasso,4,34,0.021544346900318846,4.34692541072918,0.4774859122455999,1.9659653393211875e-15,33.333333333333336,4.876929970574001,4.444291133667526,3.719555127946015
lasso,4,34,0.014677992676220698,4.182508083072553,0.42443255420341436,2.612431419368245e-15,33.333333333333336,4.63040964996002,4.304610228219614,3.6125043710380256
lasso,4,34,0.01,4.097558164951679,0.39020870540690145,2.8126455381188413e-15,33.333333333333336,4.4921342342387005,4.2343757196395915,3.566164540976745
lasso,4,34,0.006812920690579615,4.052245524551501,0.3677947814570558,2.7554391881910006e-15,33.333333333333336,4.411703097870061,4.198096515578909,3.5469369602055307
lasso,4,34,0.004641588833612782,4.029324050655261,0.3527288218598356,2.8028289634916932e-15,34.0,4.356237495562417,4.192168005967058,3.5395666504363072
lasso,4,34,0.0031622776601683794,4.016855910951936,0.3427543554021453,2.8650846922193623e-15,34.0,4.317276932186075,4.196086183665025,3.5372046170047087
lasso,4,34,0.0021544346900318843,4.0098812326234565,0.3366034848567843,3.0684999552918538e-15,34.0,4.292445656729612,4.200368320986745,3.5368297201540133
lasso,4,34,0.0014677992676220704,4.0058348526540515,0.3327235889370352,3.2854645985953183e-15,34.0,4.276323060527475,4.204034262680019,3.5371472347546606
lasso,4,34,0.001,4.003405509810746,0.3302278770342831,2.8471074621250535e-15,34.0,4.265707756117217,4.206879288365064,3.5376294849499588
lasso,4,34,0.0006812920690579615,4.0019023944353105,0.32859713304859794,2.9747301962477236e-15,34.0,4.258646858149659,4.208978853193648,3.538081471962626
lasso,4,34,0.0004641588833612782,4.0009488751571505,0.32751872627407463,3.0986772877580457e-15,34.0,4.253915799847031,4.2104841256095735,3.538446700014848
lasso,4,34,0.00031622776601683794,4.000331992409071,0.326799248150379,2.9032222588379225e-15,34.0,4.250729456598684,4.2115444006366936,3.5387221199918333
lasso,4,34,0.00021544346900318845,3.9999269127489363,0.32631617356634784,3.241693162577648e-15,34.0,4.248575748688067,4.212282884743,3.538922104815743
lasso,4,34,0.00014677992676220705,3.999657989319751,0.32599036367268025,3.1082116794126857e-15,34.0,4.2471163921178094,4.212793493662723,3.539064082178721
lasso,4,34,0.0001,3.9994780481576453,0.3257699289529218,3.265529141714248e-15,34.0,4.246125832985713,4.21314484195696,3.539163469530264
lasso,5,55,1.0,17.984713451830043,1.2178489605458631,4.604963857869449e-16,11.666666666666666,19.213656498673114,18.41523397467777,16.32524988213925
lasso,5,55,0.6812920690579612,14.014442732467677,1.0028171173249187,5.66764782507009e-16,15.666666666666666,14.466664388279408,14.952413060113674,12.624250749009947
lasso,5,55,0.4641588833612779,10.982396849242086,0.6573744140293439,8.855699726672016e-16,19.666666666666668,11.223532006317129,11.639390880705617,10.08426766070351
lasso,5,55,0.31622776601683794,8.848812110224971,0.3003857245215511,8.385629201706713e-16,22.333333333333332,9.111007954450619,9.007174685758379,8.428253690465912
lasso,5,55,0.2154434690031884,7.508535039756548,0.5942165393665078,1.0449725677472979e-15,26.333333333333332,8.290022812376936,6.850213894661754,7.385368412230951
lasso,5,55,0.14677992676220697,6.38661507640082,0.9851956404149137,1.1689523639207061e-15,29.0,7.706392356171837,5.3400009218553794,6.113451951175245
lasso,5,55,0.1,5.295471272189973,0.9836262413113065,1.3283549590008024e-15,33.333333333333336,6.644889577990304,4.328215454853966,4.913308783725649
lasso,5,55,0.06812920690579616,4.383251030380285,0.8566284218077193,1.638304449434323e-15,37.0,5.583726569439913,3.6420798025703416,3.923946719130601
lasso,5,55,0.046415888336127795,3.623205035405393,0.7969854860274199,2.0368109371345636e-15,40.0,4.70408172145077,2.806075547637852,3.359457837127557
lasso,5,55,0.03162277660168379,2.953751634026047,0.5643877010077546,2.2272084812580123e-15,41.333333333333336,3.712638870292025,2.360140236926037,2.788475794860078
lasso,5,55,0.021544346900318846,2.5606776063717014,0.41860121181105997,2.8603910117150614e-15,43.0,3.1032222267659115,2.0842846902972036,2.4945259020519885
lasso,5,55,0.014677992676220698,2.31262639044535,0.30748301281912654,2.709844116361637e-15,44.666666666666664,2.6889805913637277,1.9358045409290836,2.313094039043238
lasso,5,55,0.01,2.1518347898920496,0.22858069177717277,3.0463607059751736e-15,46.666666666666664,2.374165348431323,1.837444165168881,2.243894856075945
lasso,5,55,0.006812920690579615,2.0571232735756637,0.2065953016196038,3.9448545471073585e-15,49.0,2.1828869492826812,1.7658556844559308,2.2226271869883796
lasso,5,55,0.004641588833612782,1.9746827193517706,0.21134046373615198,4.412039738184725e-15,51.333333333333336,2.0164128882146573,1.6975148214880047,2.2101204483526495
lasso,5,55,0.0031622776601683794,1.919835346837342,0.21919105939628392,4.883992125089412e-15,52.333333333333336,1.8920131371489208,1.6663768119224018,2.2011160914407033
lasso,5,55,0.0021544346900318843,1.8847984713413057,0.2378086934248476,5.265367791275017e-15,53.0,1.8162773531869714,1.633913270713354,2.204204790123592
lasso,5,55,0.0014677992676220704,1.8644491000604522,0.24981883281487935,5.818808555818438e-15,53.333333333333336,1.770108856629585,1.6167648294132548,2.2064736141385173
lasso,5,55,0.001,1.8527383769664174,0.25806945927201025,7.091992501687324e-15,53.666666666666664,1.7409618421447501,1.6077458151260886,2.2095074736284133
lasso,5,55,0.0006812920690579615,1.846297024986461,0.26344830932291824,6.445174151677629e-15,53.666666666666664,1.723786559479397,1.6028377899039745,2.2122667255760113
lasso,5,55,0.0004641588833612782,1.842693385906336,0.26725568362155727,6.185436585947791e-15,54.333333333333336,1.7144045548545048,1.5989500255908666,2.2147255772736365
lasso,5,55,0.00031622776601683794,1.8403789766727943,0.26973165897786716,6.044804309041849e-15,54.666666666666664,1.7063828881192042,1.598076943400807,2.216677098498371
lasso,5,55,0.00021544346900318845,1.8388637382072262,0.27150405593245414,6.803097349311452e-15,54.666666666666664,1.7010616386151651,1.5973946628419027,2.2181349131646106
lasso,5,55,0.00014677992676220705,1.8375297785998856,0.2729891598917731,5.615756684583043e-15,55.0,1.6970752241214682,1.5963264685129197,2.219187643165269
lasso,5,55,0.0001,1.8364418409747139,0.27411132238427965,6.47794435006058e-15,55.0,1.693754805803628,1.5956382248485217,2.2199324922719916
lasso,6,83,1.0,16.253764597848672,1.3822216031999568,1.906878330928028e-16,11.666666666666666,16.86660304214245,17.55486726402109,14.339823487382475
lasso,6,83,0.6812920690579612,11.95755031595324,1.5286710895029463,4.1951323280416617e-16,15.666666666666666,11.937204299788048,13.839872484637851,10.095574163433815
lasso,6,83,0.4641588833612779,8.803161304771168,1.1463541156012325,7.362991494181504e-16,20.333333333333332,8.396617212559997,10.365562875002386,7.647303826751117
lasso,6,83,0.31622776601683794,6.7816354004970165,0.6569930681247114,4.908660996121003e-16,25.0,6.418074995841578,7.703907136517703,6.222924069131769
lasso,6,83,0.2154434690031884,5.469227616603207,0.16774520733281453,8.99921182622184e-16,28.0,5.57622824124383,5.599087146177409,5.232367462388383
lasso,6,83,0.14677992676220697,4.319830854055915,0.2570892985351544,9.817321992242005e-16,33.0,4.674225550282943,4.212958896780716,4.0723081151040885
lasso,6,83,0.1,3.2101378748303304,0.2653908294247645,1.1760333636539902e-15,34.666666666666664,3.5347405421327402,3.2110029280339787,2.8846701543242728
lasso,6,83,0.06812920690579616,2.547294538956533,0.28246767602334666,1.4112400363847883e-15,40.0,2.895494344384098,2.542751864405398,2.2036374080801036
lasso,6,83,0.046415888336127795,2.0530348358107897,0.2679187608476686,1.498164241524431e-15,41.666666666666664,2.3802628406953152,2.054835670174948,1.7240059965621055
lasso,6,83,0.03162277660168379,1.7627421415156892,0.274640396588499,1.5255026647424225e-15,47.333333333333336,2.0877555192607176,1.784397743496942,1.4160731617894076
lasso,6,83,0.021544346900318846,1.5346598060537715,0.2439234286520467,1.878275155964108e-15,49.666666666666664,1.835033819075668,1.5313725878132496,1.2375730112723962
lasso,6,83,0.014677992676220698,1.354080204710562,0.18099824249363353,2.4217354802785955e-15,53.0,1.5574808359059062,1.38695954248099,1.11780023574479
lasso,6,83,0.01,1.2279463441258935,0.1344737972471584,2.8245635276871415e-15,53.666666666666664,1.3710747820861613,1.2648279222261223,1.0479363280653973
lasso,6,83,0.006812920690579615,1.1421680722068608,0.11009445556816519,3.179719616822487e-15,58.333333333333336,1.2201672334157483,1.2198658859962448,0.9864710972085896
lasso,6,83,0.004641588833612782,1.0504276166159625,0.10304471957147805,3.37279104782895e-15,64.0,1.067257265642568,1.1673718505411221,0.9166537336641977
lasso,6,83,0.0031622776601683794,0.9695346148718569,0.09019703553351537,5.166448477858126e-15,67.66666666666667,0.9573527600993802,1.0855889890905681,0.8656620954256226
lasso,6,83,0.0021544346900318843,0.8830710882883669,0.07317372678021333,6.265287116055402e-15,70.66666666666667,0.89176429646743,0.9680268499851041,0.7894221184125664
lasso,6,83,0.0014677992676220704,0.8299429127768224,0.061083530842213456,7.177013318030366e-15,73.0,0.8505932592251627,0.892260488701484,0.7469749904038204
lasso,6,83,0.001,0.7953858475283182,0.04970784809658807,6.5346336802989865e-15,75.0,0.8131819353945196,0.845384150562445,0.7275914566279901
lasso,6,83,0.0006812920690579615,0.779088534870506,0.04110333458755115,7.239582763263942e-15,76.33333333333333,0.7940502970671852,0.8202526476081388,0.7229626599361941
lasso,6,83,0.0004641588833612782,0.7735054302132157,0.034473714994497626,9.078528553652659e-15,79.33333333333333,0.789453794853792,0.805429779034452,0.7256327167514033
lasso,6,83,0.00031622776601683794,0.7698443788716736,0.028207879963840235,9.80910131418946e-15,79.66666666666667,0.7883368222683692,0.7912094114925567,0.7299869028540948
lasso,6,83,0.00021544346900318845,0.7678939193496083,0.02422039185714858,1.158905305621509e-14,80.33333333333333,0.7877309374817143,0.782158267978431,0.7337925525886794
lasso,6,83,0.00014677992676220705,0.7665952239242245,0.021806110541367413,1.123330106760133e-14,81.66666666666667,0.7876944150022261,0.7755232511175795,0.7365680056528678
lasso,6,83,0.0001,0.7652432570236719,0.02027394073109708,1.1504435330280159e-14,82.0,0.7875859102551439,0.7696332090856571,0.7385106517302147
lasso,7,119,1.0,16.505899440943484,0.9927141650535348,2.4543304980605013e-16,14.666666666666666,17.01897683396302,17.381078824092306,15.117642664775136
lasso,7,119,0.6812920690579612,12.017017348773448,1.0933499963976703,4.0905508301008356e-16,20.666666666666668,11.766225753412789,13.463756782192233,10.821069510715322
lasso,7,119,0.4641588833612779,8.747531876363011,0.7846904739616877,3.681495747090752e-16,22.333333333333332,8.116274393126988,9.853568235785417,8.272753000176627
lasso,7,119,0.31622776601683794,6.581872672059876,0.39279023204184377,5.72677116214117e-16,26.666666666666668,6.082079390466569,7.041724680344177,6.621813945368881
lasso,7,119,0.2154434690031884,5.037067627597101,0.27252658021368337,3.813756661856056e-16,30.666666666666668,5.277217610858086,4.655933074679803,5.178052197253413
lasso,7,119,0.14677992676220697,3.580115875383059,0.32562750513232497,7.436825490619309e-16,35.333333333333336,3.897763363114467,3.13254490070553,3.7100393623291796
lasso,7,119,0.1,2.5094545553189693,0.21813834715605682,6.135826245151254e-16,38.0,2.7816793740212424,2.2476570481564755,2.499027243779191
lasso,7,119,0.06812920690579616,1.9485225082189939,0.1951155796252513,1.09810676610733e-15,42.333333333333336,2.202725925992444,1.7284659666823778,1.9143756319821599
lasso,7,119,0.046415888336127795,1.5897722579409546,0.1956490056516435,1.133529565014018e-15,45.666666666666664,1.8377330211591743,1.359469747652563,1.5721140050111264
lasso,7,119,0.03162277660168379,1.3114921034839397,0.17008283404692193,1.5159682730877824e-15,52.333333333333336,1.532798545987283,1.1192309810459553,1.2824467834185813
lasso,7,119,0.021544346900318846,1.1191145034712908,0.13047337938870654,1.635148168770784e-15,54.666666666666664,1.2762394235119263,0.956773921483887,1.1243301654180593
lasso,7,119,0.014677992676220698,0.9614394647027371,0.08968206599409945,1.6847968729993512e-15,55.666666666666664,1.0349496527836066,0.835177395360422,1.0141913459641825
lasso,7,119,0.01,0.8804024242821912,0.07611341548398287,2.3430767491278145e-15,59.333333333333336,0.9057050495512149,0.7771436567069979,0.9583585665883609
lasso,7,119,0.006812920690579615,0.8272937314243746,0.08165503349491862,2.7829036391066813e-15,66.0,0.7994340008877513,0.7441710681145782,0.9382761252707943
lasso,7,119,0.004641588833612782,0.7688650725133792,0.06667702485476135,2.9090973602117574e-15,73.66666666666667,0.7220799131631956,0.7213556062824668,0.8631596980944753
lasso,7,119,0.0031622776601683794,0.7108857992349144,0.0573055563338759,3.4360114939487424e-15,77.66666666666667,0.6560766864301456,0.6865906356644774,0.78999007561012
lasso,7,119,0.0021544346900318843,0.6504843624641167,0.044784563937104234,3.908684466859861e-15,84.66666666666667,0.5964629806882072,0.648863715908268,0.7061263907958749
lasso,7,119,0.0014677992676220704,0.604315726260846,0.0407401811116621,5.014759658276743e-15,88.0,0.5475450989382222,0.6241883763810935,0.6412137034632223
lasso,7,119,0.001,0.5749364485072187,0.04211770374496295,5.481678130809979e-15,92.66666666666667,0.515515449069944,0.6082120670919304,0.6010818293597819
lasso,7,119,0.0006812920690579615,0.5540029923771973,0.04590446988656378,7.769216066455943e-15,95.0,0.48929372741495536,0.5908702520736374,0.581844997642999
lasso,7,119,0.0004641588833612782,0.529340920122658,0.0433320604692679,6.641774795004013e-15,101.66666666666667,0.46822059501391555,0.5560630375079811,0.5637391278460774
lasso,7,119,0.00031622776601683794,0.5147698608851642,0.04808435987226831,8.117825952048548e-15,107.33333333333333,0.4530980699512063,0.520794445448901,0.5704170672553854
lasso,7,119,0.00021544346900318845,0.5065422345173586,0.057537214182038963,1.0283437299007806e-14,110.0,0.44042260885026674,0.49852963751196927,0.5806744571898399
lasso,7,119,0.00014677992676220705,0.4990954476884844,0.06448063496699244,1.1185629109328129e-14,111.66666666666667,0.42974027434053585,0.48249903143673806,0.5850470372881792
lasso,7,119,0.0001,0.49410311726752876,0.06872125092582883,1.2754036536516433e-14,113.33333333333333,0.42435557081788716,0.4703648156578292,0.5875889653268699
lasso,8,164,1.0,16.394689675076624,1.2490568318272248,3.896507879735687e-16,16.0,16.594138579475462,17.814958497402447,14.77497194835196
lasso,8,164,0.6812920690579612,11.752279739054527,1.2565089515893912,3.4323809956704506e-16,22.0,11.449290364943007,13.420141860974951,10.387406991245625
lasso,8,164,0.4641588833612779,8.670033108337321,1.0154582452214764,4.250735868802568e-16,25.0,7.869891834472791,10.102849419710422,8.037358070828752
lasso,8,164,0.31622776601683794,6.433524173271071,0.5732750600184953,6.864761991340901e-16,32.333333333333336,5.8014570776230645,7.18925629012633,6.309859152063818
lasso,8,164,0.2154434690031884,4.753983522026177,0.09837444215545899,9.153015988454536e-16,36.333333333333336,4.892808030981226,4.692452453318491,4.676690081778814
lasso,8,164,0.14677992676220697,3.2959524267800897,0.13202455247265382,1.086920648628976e-15,38.666666666666664,3.482642271568342,3.2001784977761467,3.2050365109957806
lasso,8,164,0.1,2.2186700563909816,0.11747266521600697,1.2871428733764189e-15,42.0,2.354901579444424,2.232897902414164,2.068210687314356
lasso,8,164,0.06812920690579616,1.645800693056354,0.11590766851340249,1.3538836149589e-15,46.0,1.7768873231401698,1.6654870852195685,1.4950276708093242
lasso,8,164,0.046415888336127795,1.3215731475840082,0.09966984360838496,1.8067672185543068e-15,47.666666666666664,1.451827334785893,1.303099045576984,1.2097930623891482
lasso,8,164,0.03162277660168379,1.0672394982876108,0.0755763831880013,1.7829312394177064e-15,56.666666666666664,1.1658492940707492,1.053638461186931,0.9822307396051522
lasso,8,164,0.021544346900318846,0.871458425142157,0.04362818475335939,2.1619233076896517e-15,62.333333333333336,0.9311604757721671,0.855093563856952,0.8281212357973519
lasso,8,164,0.014677992676220698,0.7210807866363034,0.023350729983492847,2.3776326699961108e-15,65.0,0.7539543562544717,0.7019271651441328,0.7073608385103054
lasso,8,164,0.01,0.6330776256446863,0.006703280702154605,2.6100397154577383e-15,69.0,0.6380201872881374,0.6236006848570237,0.6376120047888976
lasso,8,164,0.006812920690579615,0.5708802741574076,0.009954220062888906,3.261953744843758e-15,75.66666666666667,0.5650516641947188,0.5848918862453325,0.5626972720321713
lasso,8,164,0.004641588833612782,0.5281573421183364,0.010737834116079257,3.632603220417894e-15,79.0,0.5228629926162129,0.5431304659106962,0.5184785678281001
lasso,8,164,0.0031622776601683794,0.5066082637121158,0.01977293789961057,3.780386291064815e-15,85.0,0.4908418730795137,0.5344919416372924,0.49449097641954143
lasso,8,164,0.0021544346900318843,0.49341100361524665,0.031481233262622685,4.226715000397657e-15,92.66666666666667,0.461016404884612,0.5360572075214777,0.4831593984396504
lasso,8,164,0.0014677992676220704,0.47900775679326285,0.046243645943881015,4.488910770900261e-15,97.0,0.4233615078263349,0.5365854341587235,0.47707632839473013
lasso,8,164,0.001,0.47031158173123955,0.057786959416200795,5.2880119714547875e-15,107.0,0.3985923779661073,0.5401014927241872,0.47224087450342417
lasso,8,164,0.0006812920690579615,0.4656069867586028,0.06480997122009287,5.792738829672301e-15,111.0,0.38871353349669635,0.5472514701417087,0.46085595663740325
lasso,8,164,0.0004641588833612782,0.45308578910996117,0.06091261341451126,7.184164111771345e-15,118.0,0.3837581204883485,0.5320302679745389,0.4434689788669961
lasso,8,164,0.00031622776601683794,0.4362238115432098,0.05732842440066229,9.502442547335532e-15,126.66666666666667,0.3750509662292772,0.5128888042033992,0.42073166419695307
lasso,8,164,0.00021544346900318845,0.42617890877487996,0.05233752541853527,1.2933998178997766e-14,133.33333333333334,0.37263754273733657,0.49720811009836996,0.4086910734889333
lasso,8,164,0.00014677992676220705,0.4190257996878232,0.05140155587083955,1.3832912542186807e-14,141.66666666666666,0.37367182575885477,0.4909007815865768,0.3925047917180379
lasso,8,164,0.0001,0.41368433561157253,0.04622424805785931,1.906520791240979e-14,148.66666666666666,0.3802395967494285,0.4790493688739358,0.3817640412113533
lasso,9,219,1.0,16.723423503683257,0.8594758468138545,3.051005329484845e-16,15.666666666666666,16.68510602586449,17.79469769493368,15.690466790251598
lasso,9,219,0.6812920690579612,12.006352341662554,0.9803473648253219,5.72677116214117e-16,23.666666666666668,11.589667083722782,13.359859360771113,11.069530580493767
lasso,9,219,0.4641588833612779,8.804405309217659,0.8737839948232601,8.99921182622184e-16,25.666666666666668,7.959326437735708,10.007732155298374,8.446157334618896
lasso,9,219,0.31622776601683794,6.376422334322085,0.39637262267219603,1.247618003180755e-15,33.666666666666664,5.8373917927864625,6.779172136930979,6.512703073248814
lasso,9,219,0.2154434690031884,4.64307231622433,0.17492022127035392,1.4316927905352925e-15,37.333333333333336,4.824374835522728,4.4066723924785265,4.698169720671736
lasso,9,219,0.14677992676220697,3.0132146886073534,0.13021914848530683,1.7384841027928552e-15,41.333333333333336,3.124021245738368,2.830426284846885,3.085196535236808
lasso,9,219,0.1,1.965863373448035,0.07525457813682455,1.9021061359968886e-15,45.0,2.072251578427753,1.9102116955834827,1.9151268463328694
lasso,9,219,0.06812920690579616,1.4151429117863046,0.050573912854221685,1.9021061359968886e-15,49.333333333333336,1.4776589893317986,1.4139745062503377,1.3537952397767774
lasso,9,219,0.046415888336127795,1.0636588716868105,0.022115632044582334,2.2446897680178334e-15,53.0,1.0946860307526298,1.0515567905527419,1.0447337937550598
lasso,9,219,0.03162277660168379,0.8588572785109502,0.01788103641188153,2.4645568751357536e-15,59.666666666666664,0.8800181469824289,0.836286830559867,0.8602668579905547
lasso,9,219,0.021544346900318846,0.7080858969800105,0.03038231629135833,2.6793107937160472e-15,66.33333333333333,0.6934567157472833,0.6804130897624793,0.7503878854302688
lasso,9,219,0.014677992676220698,0.6102319717930155,0.051108698186723686,2.4415475267164364e-15,69.66666666666667,0.575317020648832,0.5728819826776956,0.682496912052519
lasso,9,219,0.01,0.5375793646517447,0.05461885171012661,3.1446109506400173e-15,77.33333333333333,0.4938287287929705,0.5043253814821345,0.6145839836801291
lasso,9,219,0.006812920690579615,0.4974960640669342,0.04771002719590256,4.017687893439664e-15,83.66666666666667,0.4528284228081683,0.4760352342143885,0.5636245351782457
lasso,9,219,0.004641588833612782,0.4736494971679452,0.05051731078908785,3.2647708812742295e-15,88.66666666666667,0.4210063102279411,0.45814383653680185,0.5417983447390925
lasso,9,219,0.0031622776601683794,0.46075803285639,0.057762954815649005,4.19345374942056e-15,95.66666666666667,0.3903130859278648,0.4601619285609198,0.5317990840803852
lasso,9,219,0.0021544346900318843,0.44549151184656216,0.06443243861238988,5.060778355115378e-15,101.0,0.358846180233943,0.4643857392948119,0.5132426160109316
lasso,9,219,0.0014677992676220704,0.4329674548207598,0.06909801681905628,6.259181918621482e-15,106.33333333333333,0.3360401688712302,0.4706779670266062,0.4921842285644432
lasso,9,219,0.001,0.41875651706562983,0.06804989144712484,5.6986486251842265e-15,113.0,0.3226264179762151,0.4628928739852163,0.4707502592354583
lasso,9,219,0.0006812920690579615,0.4078005509407061,0.06361221345083157,7.81199336264179e-15,118.66666666666667,0.31806289516237995,0.4581589509196791,0.44717980674005925
lasso,9,219,0.0004641588833612782,0.40110522483450944,0.06078209021306417,8.66589584842534e-15,127.66666666666667,0.316869895216659,0.4580553091740666,0.4283904701128027
lasso,9,219,0.00031622776601683794,0.3914657690784587,0.054387321230439364,8.75793324210261e-15,135.33333333333334,0.3186973739109427,0.4494263788869745,0.40627355443745883
lasso,9,219,0.00021544346900318845,0.38566057902202494,0.04470137779085101,1.0726190611470157e-14,141.0,0.32405801313868904,0.4287566849409678,0.404167038986418
lasso,9,219,0.00014677992676220705,0.3977374268350639,0.03646711482385557,1.6382214272493854e-14,155.0,0.346828073205205,0.4303303093143659,0.4160538979856207
lasso,9,219,0.0001,0.4035291040194548,0.016692430322760785,1.9956872815288306e-14,164.66666666666666,0.3809533563834046,0.4088413976041164,0.4207925580708435
lasso,10,285,1.0,16.718378459688893,0.8913044002116605,1.906878330928028e-16,14.666666666666666,16.600524591545227,17.864143997269856,15.69046679025159
lasso,10,285,0.6812920690579612,12.11324539496273,1.1719989427548947,4.957883660412873e-16,21.0,11.527540934135025,13.748887629864544,11.063307620888619
lasso,10,285,0.4641588833612779,8.894540226214053,1.030365280818861,5.72677116214117e-16,26.666666666666668,7.938671183819516,10.324952935203152,8.419996559619491
lasso,10,285,0.31622776601683794,6.367403237850123,0.5219879583206292,6.749408869666378e-16,34.666666666666664,5.679687548327097,6.943623925457712,6.478898239765559
lasso,10,285,0.2154434690031884,4.598186517489579,0.0657379502471197,7.772046577191588e-16,37.333333333333336,4.63268126599078,4.506174168829711,4.655704117648244
lasso,10,285,0.14677992676220697,3.0151158798488233,0.022133930371363263,1.247618003180755e-15,42.666666666666664,3.028781100217316,2.9838944889501393,3.032672050379015
lasso,10,285,0.1,1.944527088780065,0.05639472184723951,1.3992005568141786e-15,48.333333333333336,1.9798078550581133,1.9888302091459815,1.8649432021361005
lasso,10,285,0.06812920690579616,1.3885250185288678,0.06006464864390882,1.6737272483410111e-15,52.666666666666664,1.3948024305839641,1.4587490319062888,1.3120235930963506
lasso,10,285,0.046415888336127795,1.0549839679184425,0.04164647382148677,2.2498029565554596e-15,56.333333333333336,1.0711503357357017,1.095948001936455,0.9978535660831713
lasso,10,285,0.03162277660168379,0.8402764170564802,0.013458522746808347,2.521846592652317e-15,65.33333333333333,0.8283737778851458,0.8590902067531835,0.8333652665311111
lasso,10,285,0.021544346900318846,0.6709955127517623,0.019819570253115013,2.6910820445221794e-15,71.33333333333333,0.6509354439638684,0.6640721322184454,0.6979789620729728
lasso,10,285,0.014677992676220698,0.5611763907404725,0.030456155109658756,3.1010608856717058e-15,75.66666666666667,0.5403022011722443,0.53898577899321,0.6042411920559634
lasso,10,285,0.01,0.48775837351188184,0.023045495442041288,3.4180794081884904e-15,83.0,0.4692697756217522,0.473758939940491,0.5202464049734024
lasso,10,285,0.006812920690579615,0.4410705184603391,0.018010465278006677,3.4252302019294704e-15,88.0,0.4174837126459083,0.44453852450616255,0.4611893182289465
lasso,10,285,0.004641588833612782,0.417110676131776,0.022504771123592546,4.0318558709559495e-15,95.66666666666667,0.3853301305782493,0.4315194705158228,0.43448242730125597
lasso,10,285,0.0031622776601683794,0.3922616131892988,0.022752791786888292,5.009646469739117e-15,104.33333333333333,0.36008496854619665,0.40852869730733055,0.40817117371436923
lasso,10,285,0.0021544346900318843,0.3759482464946861,0.02585439737489666,4.6983811175111315e-15,112.66666666666667,0.3393899383949332,0.39476811959476477,0.3936866814943603
lasso,10,285,0.0014677992676220704,0.37232754053127853,0.02904840427623357,5.192442959959248e-15,118.33333333333333,0.3316974485219967,0.39789724199381826,0.3873879310780206
lasso,10,285,0.001,0.3683706667667344,0.028781305125738222,6.125599868076001e-15,127.0,0.33208071617742574,0.402478878004656,0.3705524061181216
lasso,10,285,0.0006812920690579615,0.37231352425623104,0.018556204768153547,7.31313790593965e-15,127.66666666666667,0.35385433239962116,0.3976968435973321,0.36538939677173987
lasso,10,285,0.0004641588833612782,0.37738379380947756,0.012756097952643793,9.129917708214904e-15,136.66666666666666,0.36721053561761247,0.39537219277575747,0.36956865303506287
lasso,10,285,0.00031622776601683794,0.380519179865636,0.008627609833232089,9.453966031786955e-15,148.66666666666666,0.37475377197321996,0.3927144307796329,0.37408933684405504
lasso,10,285,0.00021544346900318845,0.3827424081884809,0.005120462337633127,9.237614241788653e-15,156.66666666666666,0.38140667202141204,0.38957392442028493,0.37724662812374576
lasso,10,285,0.00014677992676220705,0.3863747810155614,0.006638248847164187,1.1470799335596828e-14,168.66666666666666,0.37850843427037406,0.38587061697719854,0.3947452917991117
lasso,10,285,0.0001,0.4026641161823215,0.01002529735351988,1.6412102259071372e-14,176.33333333333334,0.3929354012134285,0.3985968467528028,0.4164601005807332
lasso,11,363,1.0,16.908320298267736,0.7100953993736179,4.250735868802568e-16,14.666666666666666,16.702282864745214,17.862523276107616,16.160154753950376
lasso,11,363,0.6812920690579612,12.272035851034635,1.03983326789218,4.959191846936329e-16,21.333333333333332,11.66022676332268,13.73601943695458,11.419861352826647
lasso,11,363,0.4641588833612779,8.962883669167296,0.9716927751777215,6.10201065896969e-16,26.666666666666668,7.985052144537319,10.28795994602404,8.61563891694053
lasso,11,363,0.31622776601683794,6.378259324269862,0.44914042661043435,6.544881328161337e-16,35.0,5.756047601680654,6.79995502880575,6.578775342323185
lasso,11,363,0.2154434690031884,4.585498291480499,0.10665240991308882,8.390264656083323e-16,38.666666666666664,4.631458124770659,4.4381082663097855,4.686928483361052
lasso,11,363,0.14677992676220697,2.9659126620695466,0.054599122847895656,1.4169119562675226e-15,43.0,2.9773485112421034,2.8940622013235506,3.026327273642985
lasso,11,363,0.1,1.847329814723727,0.03875588812120702,1.620846581288824e-15,50.666666666666664,1.8328726801921456,1.9003434422378902,1.8087733217411455
lasso,11,363,0.06812920690579616,1.295712661703702,0.051481091984670366,2.03082542243835e-15,54.333333333333336,1.2804882407349432,1.3649821264451893,1.2416676179309736
lasso,11,363,0.046415888336127795,0.961261828231354,0.03354331156090563,2.03559261826567e-15,60.0,0.925523972526063,1.00614621236182,0.9521152998061789
lasso,11,363,0.03162277660168379,0.7809513128496213,0.04344091088080468,2.2072116680491927e-15,64.0,0.719931427531906,0.8052887921355076,0.8176337188814503
lasso,11,363,0.021544346900318846,0.6352292721601662,0.05856012889025654,2.04751060783397e-15,74.66666666666667,0.5733457604581181,0.6185080835151561,0.7138339725072246
lasso,11,363,0.014677992676220698,0.5394635418192876,0.06654313014872867,3.5732748397121586e-15,79.66666666666667,0.4892613472055183,0.49563143234629814,0.6334978459060464
lasso,11,363,0.01,0.4692556831935002,0.05341732856511589,2.8122536956943246e-15,86.0,0.4337190045934907,0.42929210028308445,0.5447559447039254
lasso,11,363,0.006812920690579615,0.4228209939480716,0.039120221533367215,2.717659707748243e-15,95.33333333333333,0.39105812706053417,0.39947325693740643,0.47793159784627415
lasso,11,363,0.004641588833612782,0.39677336764887866,0.027602846526831717,4.6956878899102694e-15,102.33333333333333,0.36524421901078696,0.39260529803407607,0.4324705859017728
lasso,11,363,0.0031622776601683794,0.3803816173386454,0.02798996363828789,5.615756684583043e-15,110.66666666666667,0.34739823749079274,0.3779199543383998,0.4158266601867437
lasso,11,363,0.0021544346900318843,0.3727026407045586,0.03702895991884085,6.927927336052892e-15,112.66666666666667,0.3303495549196761,0.3672075150631328,0.42055085213086685
lasso,11,363,0.0014677992676220704,0.36973792135814776,0.03754406528632126,7.45112707810127e-15,120.33333333333333,0.3246638062517447,0.3679731607105155,0.41657679711218304
lasso,11,363,0.001,0.36925553968547886,0.017410777805607378,7.877195205168002e-15,129.33333333333334,0.3475072800571494,0.3701315357713707,0.39012780322791646
lasso,11,363,0.0006812920690579615,0.37813165275465394,0.0035787750020621584,8.344976295723783e-15,135.66666666666666,0.375167095318512,0.3760614682176105,0.38316639472783953
lasso,11,363,0.0004641588833612782,0.3922946864901773,0.015790018237466223,1.0259899269610414e-14,142.66666666666666,0.4146171500884819,0.3806160302172627,0.38165087916478724
lasso,11,363,0.00031622776601683794,0.419178771422889,0.03210795906156357,1.0281947550311768e-14,153.33333333333334,0.46360010626947973,0.38881701140510894,0.40511919659407847
lasso,11,363,0.00021544346900318845,0.4649108914114665,0.06858192391745056,1.1998435997886202e-14,161.66666666666666,0.5604521235197139,0.4026791150388562,0.43160143567582954
lasso,11,363,0.00014677992676220705,0.4928662401279136,0.10437619927270095,2.0125407850711534e-14,178.33333333333334,0.6400447378937293,0.40950694475227056,0.42904703773774094
lasso,11,363,0.0001,0.505933040971625,0.10370548155790425,7.60336393124484e-11,187.66666666666666,0.6515618104726679,0.41807084980474146,0.4481664626374656
lasso,12,454,1.0,16.941288451755305,0.7402253884435969,5.3134198360032095e-16,15.333333333333334,16.728304931459046,17.93540566985649,16.16015475395038
lasso,12,454,0.6812920690579612,12.31953606373699,1.111870163865128,6.135826245151254e-16,21.333333333333332,11.657919072760386,13.885690709046667,11.414998409403914
lasso,12,454,0.4641588833612779,9.005104902705021,1.0385752523428637,7.084559781337613e-16,27.333333333333332,7.985518275949545,10.430480088486645,8.59931634367887
lasso,12,454,0.31622776601683794,6.386571629469099,0.4860851388150758,7.772046577191588e-16,35.333333333333336,5.729308094857657,6.8896213655104495,6.5407854280391895
lasso,12,454,0.2154434690031884,4.588337565166217,0.057675310172005986,8.008888989897718e-16,40.666666666666664,4.614971494491083,4.50825505952871,4.641786141478856
lasso,12,454,0.14677992676220697,2.9946570984469187,0.049697177663912594,1.086920648628976e-15,44.0,3.0083307127305927,2.9281169546650436,3.04752362794512
lasso,12,454,0.1,1.8651057695841107,0.04145576256215829,1.2132308625540662e-15,50.333333333333336,1.880358331823742,1.9065038689627742,1.8084551079658153
lasso,12,454,0.06812920690579616,1.2914424950706496,0.05087715400327979,1.7002943475210272e-15,57.666666666666664,1.2849520608139922,1.3567452088982506,1.2326302154997062
lasso,12,454,0.046415888336127795,0.9493094351618074,0.03549571779696683,1.647160149160995e-15,61.333333333333336,0.9192451901736044,0.9991557049648672,0.9295274103469507
lasso,12,454,0.03162277660168379,0.7624604737088257,0.04297169187230001,1.7755677951977394e-15,68.0,0.7022227322413335,0.7995370977238773,0.7856215911612664
lasso,12,454,0.021544346900318846,0.6253441230178661,0.04684542623712191,2.2906375950272935e-15,73.33333333333333,0.5696201713782146,0.6221759224080811,0.6842362752673028
lasso,12,454,0.014677992676220698,0.52528594430813,0.0399979062213127,2.5039490977165125e-15,81.66666666666667,0.4963462039447014,0.4976652297480473,0.5818463992316413
lasso,12,454,0.01,0.4538360410352696,0.031076993546357724,2.8224800727695767e-15,86.66666666666667,0.43652041501790784,0.4275110566495069,0.49747665143839404
lasso,12,454,0.006812920690579615,0.41520582568234937,0.018117922856687563,3.606076216160768e-15,96.0,0.411911437955581,0.3948473623164979,0.4388586767749692
lasso,12,454,0.004641588833612782,0.38987976773669847,0.012979775253072014,4.173248496194188e-15,104.0,0.4060292744276624,0.37424810208133263,0.3893619267011003
lasso,12,454,0.0031622776601683794,0.3878901048973584,0.028853393594015366,3.9961345016607475e-15,114.0,0.4286936826839511,0.3677685171761867,0.3672081148319374
lasso,12,454,0.0021544346900318843,0.3944138422942652,0.035753504593575784,5.376516696555748e-15,118.33333333333333,0.4443397841667806,0.3763805093132638,0.3625212334027513
lasso,12,454,0.0014677992676220704,0.4019796286789609,0.02848848409197432,5.5458819538283504e-15,130.33333333333334,0.43999996988944234,0.3945120240565048,0.3714268920909356
lasso,12,454,0.001,0.4139861895534552,0.03250612431062792,6.116651788135156e-15,135.33333333333334,0.4540772213632137,0.4134215374094232,0.3744598098877287
lasso,12,454,0.0006812920690579615,0.4100007364477602,0.033103798370517114,6.9417616232450266e-15,143.0,0.4459167298685347,0.4180489555767244,0.3660365238980214
lasso,12,454,0.0004641588833612782,0.4093520193843492,0.017686061081546228,7.809620196458885e-15,152.66666666666666,0.42941066375287545,0.4122622962836364,0.38638309811653565
lasso,12,454,0.00031622776601683794,0.4268743086909133,0.018861214434026444,9.917276731406824e-15,161.66666666666666,0.4535467617683306,0.4133072141937925,0.4137689501106168
lasso,12,454,0.00021544346900318845,0.4725996174567873,0.04145898930154939,1.1437412937613368e-14,173.33333333333334,0.5273297036888509,0.4270209822559376,0.46344816642557335
lasso,12,454,0.00014677992676220705,0.5340449332746399,0.04697658157853427,1.3577448124686952e-14,184.66666666666666,0.5932630486697565,0.47835695819167207,0.5305147929624909
lasso,12,454,0.0001,0.5436252960233582,0.05500633558541629,2.0682486711642496e-14,200.0,0.5932421573881405,0.46693073296405796,0.5707029977178761
lasso,13,559,1.0,17.05666687429968,0.6344520604744176,4.908660996121003e-16,15.333333333333334,16.77395933821581,17.935483497230855,16.46055778745237
lasso,13,559,0.6812920690579612,12.393672330021488,1.0524701342728693,1.0226377075252088e-15,21.666666666666668,11.708493316400997,13.880568336321735,11.591955337341727
lasso,13,559,0.4641588833612779,9.063361036933678,0.9909265153218059,1.145354232428234e-15,29.666666666666668,8.076382126520748,10.418423188406573,8.695277795873714
lasso,13,559,0.31622776601683794,6.394488657353102,0.4226057252385673,1.2067124948797464e-15,36.333333333333336,5.815935459524151,6.813574911024241,6.553955601510913
lasso,13,559,0.2154434690031884,4.575783840300246,0.08393687604634624,1.3348148316496196e-15,42.0,4.628504481978827,4.457317606532531,4.64152943238938
lasso,13,559,0.14677992676220697,2.932515900987688,0.0460911713931635,1.6975785944918467e-15,47.0,2.948072549258586,2.8699189017357916,2.979556251968687
lasso,13,559,0.1,1.8366407276697023,0.022236757903809808,2.0555017921256698e-15,51.333333333333336,1.826270629901685,1.8675367840664534,1.8161147690409687
lasso,13,559,0.06812920690579616,1.2639296937990045,0.043211978179373785,2.0145962838246615e-15,59.0,1.235693005974321,1.324983415442654,1.2311126599800386
lasso,13,559,0.046415888336127795,0.926694427228731,0.04002912592118038,1.8735079601367876e-15,64.0,0.8745717018978133,0.9718846296676538,0.933626950120726
lasso,13,559,0.03162277660168379,0.749837513175233,0.06697420770742303,2.1833756889125923e-15,67.66666666666667,0.6558580689059667,0.7866186708571408,0.8070357997625918
lasso,13,559,0.021544346900318846,0.6322570027355192,0.07144652744674508,2.7030000340904796e-15,76.66666666666667,0.5593914545832753,0.6080690844232123,0.72931046920007
lasso,13,559,0.014677992676220698,0.5300834822745987,0.07073291599243536,3.1678016272541866e-15,82.33333333333333,0.47350584587985817,0.4869303911877274,0.6298142097562103
lasso,13,559,0.01,0.45496981207220477,0.04826619131043421,3.1446109506400173e-15,92.0,0.4228016510182619,0.4189161433551894,0.523191641843163
lasso,13,559,0.006812920690579615,0.41542590279689656,0.025690244564202,3.569005599262979e-15,97.0,0.4033142556628489,0.3918175391775503,0.45114591355029043
lasso,13,559,0.004641588833612782,0.3866293232008609,0.016121588031395188,4.0581243997474515e-15,108.0,0.3987347160689274,0.3638448307301387,0.3973084228035166
lasso,13,559,0.0031622776601683794,0.377194220371821,0.022275568457557786,4.7300506165086905e-15,117.66666666666667,0.4027855844881043,0.3484890132685414,0.38030806335881717
lasso,13,559,0.0021544346900318843,0.3802670165873563,0.020035281798523305,7.529558692602882e-15,123.66666666666667,0.4052176490663755,0.3561633630078809,0.3794200376878126
lasso,13,559,0.0014677992676220704,0.3962956730910479,0.009662824750558094,7.297096574777742e-15,131.66666666666666,0.4094311239547832,0.38646447999505457,0.392991415323306
lasso,13,559,0.001,0.41236556616301584,0.023097979771366937,8.453872351574274e-15,138.66666666666666,0.4378129193926596,0.41737883304142354,0.3819049460549644
lasso,13,559,0.0006812920690579615,0.44284778218595555,0.032093024560606954,1.0109057978612565e-14,144.0,0.4808959012568829,0.44525264736791476,0.40239479793306887
lasso,13,559,0.0004641588833612782,0.4596410605131915,0.02792679567910642,1.0835225356199671e-14,156.0,0.4981858986805718,0.4478238720323523,0.43291341082665047
lasso,13,559,0.00031622776601683794,0.5304898834283226,0.048289718880215556,1.0997395357444352e-14,167.33333333333334,0.5947379699772098,0.47831632755630216,0.5184153527514559
lasso,13,559,0.00021544346900318845,0.6054045718410183,0.0988271316610309,1.3339451194532643e-14,185.0,0.7379067411796484,0.500649146261387,0.5776578280820196
lasso,13,559,0.00014677992676220705,0.6334423932578023,0.14303981185932685,1.8028820940421934e-14,191.0,0.8184315938043769,0.47006176879087136,0.6118338171781585
lasso,13,559,0.0001,0.6406554094179141,0.16703437026694465,2.3357143485025517e-10,211.33333333333334,0.8532745837518304,0.4452080844241246,0.6234835600777875
lasso,14,679,1.0,17.08866904859501,0.6763435947297957,4.250735868802568e-16,15.333333333333334,16.778010208453995,18.027439149878656,16.46055778745237
lasso,14,679,0.6812920690579612,12.435841127460776,1.1130120138334711,6.864761991340901e-16,22.666666666666668,11.707094579476344,14.008473465564261,11.591955337341725
lasso,14,679,0.4641588833612779,9.094891012163524,1.0425700586390292,8.855699726672016e-16,28.666666666666668,8.073744515953736,10.526536117245245,8.684392403291595
lasso,14,679,0.31622776601683794,6.416209079467141,0.4591911706357094,1.144126998556817e-15,36.333333333333336,5.803514878749096,6.9089406187945155,6.536171740857809
lasso,14,679,0.2154434690031884,4.595621823664688,0.05443295379694147,1.2013333484846577e-15,41.0,4.6370771604473315,4.5187202202343455,4.631068090312388
lasso,14,679,0.14677992676220697,2.9614889443493113,0.04025158794436759,1.4682963148145817e-15,47.333333333333336,2.9602144788211016,2.91284060821868,3.0114117460081524
lasso,14,679,0.1,1.841078871423169,0.027697140565929233,1.5544093154383176e-15,52.666666666666664,1.8316196361004649,1.8787264103983823,1.8128905677706604
lasso,14,679,0.06812920690579616,1.2643227014620768,0.041347052271990196,2.167991939953443e-15,60.0,1.2515097519859613,1.3201380756178096,1.2213202767824598
lasso,14,679,0.046415888336127795,0.9277237466345488,0.035629747663103506,2.4747832522110057e-15,63.666666666666664,0.8815126212562999,0.9682252081582108,0.933433410489136
lasso,14,679,0.03162277660168379,0.7446005172971318,0.05859272453168789,2.6793107937160472e-15,69.33333333333333,0.6617506683157476,0.7872855786417989,0.7847653049338492
lasso,14,679,0.021544346900318846,0.6313472637969978,0.05995664170669815,2.7023201421353645e-15,76.66666666666667,0.5700327996092768,0.6112836846971522,0.7127253070845643
lasso,14,679,0.014677992676220698,0.5321146567538899,0.05418652902011252,2.8480460154577067e-15,84.0,0.4939255499879737,0.49367257846460527,0.6087458418090909
lasso,14,679,0.01,0.4570464391575799,0.03344792577395568,3.7569152780207365e-15,95.0,0.4402872782555566,0.42711814179912344,0.5037338974180597
lasso,14,679,0.006812920690579615,0.4279506256935061,0.024743541884170363,4.11483847565456e-15,102.0,0.4494244930540481,0.3932863214327278,0.4411410625937424
lasso,14,679,0.004641588833612782,0.39911610114861834,0.03873474085218139,4.617209249476318e-15,111.33333333333333,0.4537235570611976,0.3680587692713938,0.37556597711326356
lasso,14,679,0.0031622776601683794,0.4020668388115856,0.06358157348434333,4.621683289446741e-15,122.0,0.4918530949320915,0.3529611237772024,0.3613862977254629
lasso,14,679,0.0021544346900318843,0.40435235283623117,0.060287807146898256,5.412554962443525e-15,126.66666666666667,0.48841190776037663,0.3499766061801939,0.37466854456812293
lasso,14,679,0.0014677992676220704,0.4177369415498962,0.04788618597315324,5.088900892072321e-15,133.0,0.4852854184854804,0.37977550135000787,0.38814990481420053
lasso,14,679,0.001,0.4296496641281409,0.041888403029950734,6.053695654265635e-15,143.33333333333334,0.48884778554160774,0.40195960275003595,0.3981416040927789
lasso,14,679,0.0006812920690579615,0.44665684106265197,0.04603776147030238,6.767944178115273e-15,146.0,0.5117257309966224,0.41605705210263905,0.4121877400886944
lasso,14,679,0.0004641588833612782,0.4667103419150198,0.0418107421251862,7.203523926664292e-15,157.66666666666666,0.5159606928072817,0.4137477453030517,0.4704225876347261
lasso,14,679,0.00031622776601683794,0.5353146820086726,0.0703316812348089,8.908772303962578e-15,175.33333333333334,0.5882902406440081,0.43592278265360396,0.5817310227284056
lasso,14,679,0.00021544346900318845,0.6386879199893624,0.12219791145977892,1.009694949039343e-14,190.66666666666666,0.761147772318675,0.471858832969564,0.6830571546798478
lasso,14,679,0.00014677992676220705,0.6900053379457969,0.11954301096553747,1.3204489824135658e-14,202.66666666666666,0.7916355991307963,0.5221890760995288,0.7561913386070653
lasso,14,679,0.0001,0.667386215999454,0.14479547598939999,1.0257902227323228e-10,218.0,0.7362127962466554,0.46595265408496556,0.7999931976667412
lasso,15,815,1.0,17.15892496653304,0.6190260420651055,2.6696296632992395e-16,15.666666666666666,16.81338162978615,18.02828813137666,16.635105138436316
lasso,15,815,0.6812920690579612,12.483568877389205,1.0772686767495645,8.181101660201671e-16,22.666666666666668,11.761615182670834,14.006375682130496,11.682715767366284
lasso,15,815,0.4641588833612779,9.121635057964893,1.012771648420696,9.408266909231922e-16,28.0,8.130381906228177,10.5125953758793,8.721927891787203
lasso,15,815,0.31622776601683794,6.437774837151241,0.41360095871284797,1.247618003180755e-15,37.333333333333336,5.87718844445195,6.8626564210449,6.573479645956874
lasso,15,815,0.2154434690031884,4.608871277825688,0.08473730845977415,1.5064338814331421e-15,40.666666666666664,4.674386663963768,4.489214690621601,4.663012478891695
lasso,15,815,0.14677992676220697,2.9372293990251124,0.04969597039147511,2.0043699067494094e-15,49.0,2.938176390526209,2.8758965439692923,2.9976152625798362
lasso,15,815,0.1,1.8306913585611693,0.016297944321725183,2.1643069056033118e-15,54.0,1.8122973017510222,1.8519166241280174,1.8278601498044689
lasso,15,815,0.06812920690579616,1.2621697760031207,0.0245958795257487,3.031936546175565e-15,60.333333333333336,1.2444867764594274,1.296951969285763,1.2450705822641723
lasso,15,815,0.046415888336127795,0.9264937035064079,0.04558996781747569,3.265529141714248e-15,65.0,0.8620248041856978,0.9580292156303402,0.9594270907031855
lasso,15,815,0.03162277660168379,0.7462250527326072,0.07290461355694965,3.4050165449053904e-15,72.33333333333333,0.646600316467666,0.7730415960279919,0.8190332457021636
lasso,15,815,0.021544346900318846,0.6422490287790122,0.08752641480684956,3.775619095237496e-15,80.0,0.566220475504564,0.5956698408420932,0.7648567699903797
lasso,15,815,0.014677992676220698,0.5446121357004065,0.06942683623870602,4.245187884228523e-15,85.66666666666667,0.4977521369296296,0.4933210954010031,0.6427631747705869
lasso,15,815,0.01,0.4736993552879359,0.0443261523716482,4.507383654731127e-15,96.66666666666667,0.45157390288652316,0.433967791030595,0.5355563719466896
lasso,15,815,0.006812920690579615,0.42593015974916554,0.020373095863911866,4.564590004658967e-15,105.66666666666667,0.42704306814164245,0.4004404821591763,0.45030692894667784
lasso,15,815,0.004641588833612782,0.400963309456575,0.03297877709124479,5.335683929727988e-15,117.0,0.4475549068906077,0.37584627652622965,0.37948874495288776
lasso,15,815,0.0031622776601683794,0.4101496800077131,0.06369414554131549,5.324361839638103e-15,123.66666666666667,0.4996748187197226,0.35676426783138404,0.37400995347203275
lasso,15,815,0.0021544346900318843,0.4149684819065802,0.06100889944524615,5.79988962341328e-15,129.0,0.4972848447439825,0.35142412117572114,0.3961964798000371
lasso,15,815,0.0014677992676220704,0.43249345444972404,0.04488783938814308,6.802192546107325e-15,135.0,0.49529703454768387,0.39308167485250195,0.4091016539489862
lasso,15,815,0.001,0.4687707818615201,0.04580431621052677,7.322412790763628e-15,144.0,0.5329321627018009,0.4289738111346369,0.4444063717481226
lasso,15,815,0.0006812920690579615,0.4796400471005458,0.03694918690761247,8.96024250718728e-15,151.33333333333334,0.5288118553880806,0.4397419395881915,0.4703663463253653
lasso,15,815,0.0004641588833612782,0.5133181791316068,0.0431538833415933,9.98697730849634e-15,164.33333333333334,0.5456878349258846,0.45232776554462617,0.5419389369243096
lasso,15,815,0.00031622776601683794,0.5780339738282859,0.08468740668492541,1.1300637708662226e-14,180.66666666666666,0.6470657477376194,0.4587602204556581,0.6282759532915801
lasso,15,815,0.00021544346900318845,0.6802459975970286,0.1601960023010823,1.4164530601924759e-14,193.66666666666666,0.846732252358086,0.463939411815631,0.7300663286173686
lasso,15,815,0.00014677992676220705,0.802200214393633,0.2825886855166452,2.181021885972853e-14,209.66666666666666,1.144255192773047,0.4521941186683068,0.810151331739545
lasso,15,815,0.0001,0.8629288439520578,0.2723708741831838,9.962696439311899e-10,223.33333333333334,1.2003462626050354,0.5333134727151978,0.8551267965359404
lasso,16,968,1.0,17.18615572989291,0.6536119977348751,2.4543304980605013e-16,16.333333333333332,16.818975494591665,18.10438655665075,16.635105138436316
lasso,16,968,0.6812920690579612,12.52576904323098,1.13693518497306,7.772046577191588e-16,22.333333333333332,11.761598290264223,14.132993072062431,11.682715767366284
lasso,16,968,0.4641588833612779,9.145131765155517,1.0493182780897181,6.864761991340901e-16,28.0,8.12892438465302,10.589769060227727,8.716701850585801
lasso,16,968,0.31622776601683794,6.455545744455301,0.4397033326106081,1.2776084817217788e-15,37.666666666666664,5.870457864340445,6.930470222044398,6.565709146981059
lasso,16,968,0.2154434690031884,4.626056888947914,0.06379754505275317,1.7161904978352254e-15,41.0,4.681117754924558,4.53662802374549,4.660424888173691
lasso,16,968,0.14677992676220697,2.9584961401943635,0.050402074145392016,1.964084680855869e-15,49.0,2.9492766685628373,2.9018947281335925,3.024317023886662
lasso,16,968,0.1,1.8319839936676574,0.014425735535717145,2.3740635220053948e-15,55.0,1.8206539614492148,1.8523417136147182,1.8229563059390388
lasso,16,968,0.06812920690579616,1.2664203727085688,0.021758940405006217,2.5933545300621183e-15,61.0,1.258682028137899,1.2960822910439487,1.244496798943859
lasso,16,968,0.046415888336127795,0.9316511246625662,0.037744987166457314,2.307322780422914e-15,66.0,0.878366904119852,0.9610536633717901,0.9555328064960565
lasso,16,968,0.03162277660168379,0.7484414916148427,0.06428323916125309,2.9365926296291634e-15,70.66666666666667,0.6588688524516058,0.7797719949598404,0.806683627433082
lasso,16,968,0.021544346900318846,0.6434768577882749,0.07532686111823263,3.203555595959087e-15,81.0,0.5773955447486457,0.604156274275133,0.7488787543410461
lasso,16,968,0.014677992676220698,0.5450921452059861,0.056627272388077604,4.2404206884012024e-15,87.66666666666667,0.5108890479054742,0.4994833831533037,0.6249040045591807
lasso,16,968,0.01,0.4834297437342628,0.03454000347810456,3.9782249178985985e-15,95.0,0.49215539860910007,0.43744462694780506,0.5206892056458833
lasso,16,968,0.006812920690579615,0.4383434011674001,0.030085831842354565,6.926735537096062e-15,107.66666666666667,0.47459334875578624,0.40092615194107883,0.43951070280533533
lasso,16,968,0.004641588833612782,0.41913707082718027,0.06379992733205889,6.949379717275832e-15,119.66666666666667,0.5092596767064295,0.3778285033583996,0.3703230324167117
lasso,16,968,0.0031622776601683794,0.44040552600542515,0.11486221178454809,8.918231593959021e-15,126.33333333333333,0.6028244950341453,0.3569487278072846,0.3614433551748456
lasso,16,968,0.0021544346900318843,0.4429464684626614,0.0950459352464359,8.861621143509596e-15,132.33333333333334,0.5771913070249057,0.3699642539758827,0.38168384438719566
lasso,16,968,0.0014677992676220704,0.4539327161536062,0.06299758441361233,9.462287817751924e-15,136.66666666666666,0.5429104379019429,0.4133511865018957,0.40553652405698004
lasso,16,968,0.001,0.47702807694368765,0.043123817244946724,9.752490863740033e-15,143.0,0.5310925791219849,0.4255567664654583,0.47443488524361976
lasso,16,968,0.0006812920690579615,0.48114883027330385,0.02628346888847382,1.0375205818683719e-14,153.66666666666666,0.49521745708636467,0.444318772037802,0.5039102616957448
lasso,16,968,0.0004641588833612782,0.5233393038664261,0.0660025768117545,1.1497880436017595e-14,166.33333333333334,0.5044438665820904,0.45362432892087784,0.6119497160963101
lasso,16,968,0.00031622776601683794,0.6138821497247376,0.11226389178113544,1.3652652949966266e-14,184.0,0.6758766714547364,0.4563057375220425,0.7094640401974338
lasso,16,968,0.00021544346900318845,0.7183752484065143,0.15018630277709463,1.9087256193111145e-14,199.33333333333334,0.8372009827020387,0.5065018225406798,0.8114229399768246
lasso,16,968,0.00014677992676220705,0.8823303651202973,0.34340276174218465,2.759223149878936e-14,212.33333333333334,1.2918769379394226,0.4515219295030924,0.903592227918377
lasso,16,968,0.0001,0.944202153698912,0.39801036210330853,5.587062147145423e-10,230.33333333333334,1.4776514522922437,0.5219389018460896,0.833016106958403
lasso,17,1139,1.0,17.22793721294992,0.6212910648713458,3.896507879735687e-16,15.666666666666666,16.843390207575094,18.104386556650734,16.73603487462393
lasso,17,1139,0.6812920690579612,12.569861092909733,1.1053598957802624,5.66764782507009e-16,22.666666666666668,11.802243601882019,14.132993072062387,11.774346604784796
lasso,17,1139,0.4641588833612779,9.16361679893558,1.0262765226349908,8.771640322268929e-16,29.333333333333332,8.154262122720857,10.571492678101471,8.76509559598441
lasso,17,1139,0.31622776601683794,6.468358544694187,0.40539274486360594,9.032813721205458e-16,37.333333333333336,5.9271495169730475,6.902775474497283,6.575150642612228
lasso,17,1139,0.2154434690031884,4.626336488475899,0.08115484009184865,1.1822645651753774e-15,42.0,4.701758415438385,4.513706823688177,4.663544226301134
lasso,17,1139,0.14677992676220697,2.969758794017769,0.06504956144736046,1.7543280644537858e-15,49.0,2.9942205963728887,2.8807269596694773,3.0343288260109404
lasso,17,1139,0.1,1.8415632186597621,0.012433724416959072,2.240582038840433e-15,54.333333333333336,1.825308911247961,1.843881381727236,1.8554993630040892
lasso,17,1139,0.06812920690579616,1.2738334484068377,0.009213404578720578,2.5361481801342775e-15,62.333333333333336,1.265320927961731,1.2866327164516111,1.2695467008071708
lasso,17,1139,0.046415888336127795,0.9382085869452892,0.041623917900038,2.5313809843069572e-15,66.66666666666667,0.8795151740927014,0.9636644993895761,0.97144608735359
lasso,17,1139,0.03162277660168379,0.754028443848706,0.07375106928361239,3.1034444835853655e-15,73.0,0.6557370242230449,0.7729594560510448,0.8333888512720282
lasso,17,1139,0.021544346900318846,0.6513962320900356,0.08546966034506735,3.1058280814990256e-15,80.33333333333333,0.5821126375223973,0.6002625555943873,0.7718135031533222
lasso,17,1139,0.014677992676220698,0.5637171754586965,0.07825931507025916,4.3810529653071445e-15,84.66666666666667,0.5085305220075512,0.5082285814460813,0.674392422922457
lasso,17,1139,0.01,0.4938936868504162,0.040707670640495984,5.4155344598356e-15,98.33333333333333,0.48589956618276675,0.44851725024989414,0.5472642441185875
lasso,17,1139,0.006812920690579615,0.445286907765287,0.02945954345812687,5.224846626742797e-15,108.33333333333333,0.4805034362416104,0.40840056938318847,0.4469567176710621
lasso,17,1139,0.004641588833612782,0.4199592267778218,0.06063206782337226,5.091365143577835e-15,116.66666666666667,0.5054285424380295,0.3831926953906528,0.3712564425047832
lasso,17,1139,0.0031622776601683794,0.4373947689208406,0.09791898330093696,5.699182611561144e-15,126.33333333333333,0.5756124809206955,0.36093139028666815,0.375640435555158
lasso,17,1139,0.0021544346900318843,0.4459023948060563,0.08427874176851342,9.654763349279973e-15,132.33333333333334,0.5631801558061275,0.3688568700645166,0.4056701585475248
lasso,17,1139,0.0014677992676220704,0.4731550737523304,0.05865071822043297,9.868095362552546e-15,138.33333333333334,0.5549455493395506,0.42031836623882446,0.44420130567861615
lasso,17,1139,0.001,0.5090395286015191,0.05251694345864698,9.254914799263501e-15,144.66666666666666,0.5697458088126088,0.44163096132858654,0.5157418156633623
lasso,17,1139,0.0006812920690579615,0.5133718168153535,0.05164047670731333,9.825190600106664e-15,158.33333333333334,0.4953449196161177,0.4610959393878074,0.5836745914421353
lasso,17,1139,0.0004641588833612782,0.5625749521778183,0.08789879379708777,1.1488643994102162e-14,174.66666666666666,0.5156405857098734,0.48635677610730743,0.6857274947162739
lasso,17,1139,0.00031622776601683794,0.6526715539785176,0.12657306799825216,1.3837679738014127e-14,189.0,0.7403579889621833,0.4736823814838555,0.7439742914895142
lasso,17,1139,0.00021544346900318845,0.7578728846419645,0.22180493763401637,1.8795761490029737e-14,202.66666666666666,1.0337394992124997,0.4906362372517768,0.749242917461617
lasso,17,1139,0.00014677992676220705,0.891226858797563,0.3906425372209809,2.4896680208179066e-14,223.33333333333334,1.4179000717343015,0.483446896958177,0.7723336077002105
lasso,17,1139,0.0001,1.1599159583687912,0.5495015076763645,9.117423672380641e-10,240.0,1.911077457253687,0.6118673500289711,0.9568030678237153
lasso,18,1329,1.0,17.262856943498377,0.666742790843891,5.339259326598479e-16,15.333333333333334,16.849021490662626,18.203514465208578,16.73603487462393
lasso,18,1329,0.6812920690579612,12.602731389745676,1.1509984976949672,5.66764782507009e-16,22.333333333333332,11.803445188027565,14.230402376424669,11.774346604784796
lasso,18,1329,0.4641588833612779,9.18144394612768,1.0512495182053332,6.021875814136971e-16,29.666666666666668,8.153625053747012,10.625611188651616,8.76509559598441
lasso,18,1329,0.31622776601683794,6.479903253638949,0.4212228126693174,9.153015988454536e-16,37.666666666666664,5.923150171586181,6.94175320169789,6.574806387632777
lasso,18,1329,0.2154434690031884,4.637035325886258,0.0678108125348006,1.2575093611874263e-15,43.666666666666664,4.702663876314459,4.54366422222594,4.6647778791183745
lasso,18,1329,0.14677992676220697,2.9791025597626652,0.06711705166042377,1.629448749707651e-15,50.333333333333336,3.003394126621896,2.8874930250370996,3.046420527629
lasso,18,1329,0.1,1.8457669454704735,0.007126326373055028,2.0452754150504177e-15,55.0,1.8385909127331528,1.8432267315091262,1.8554831921691415
lasso,18,1329,0.06812920690579616,1.279944092662641,0.00825102532611676,2.143079333854628e-15,61.666666666666664,1.2777736761897467,1.290958354109187,1.2711002476889894
lasso,18,1329,0.046415888336127795,0.9433372935240231,0.037179286821363434,2.8692467114417333e-15,67.0,0.8908867126406103,0.9663764457762853,0.9727487221551738
lasso,18,1329,0.03162277660168379,0.7566758740692964,0.06781849572578896,2.9976543574784776e-15,72.66666666666667,0.6660719467356029,0.7747341447495748,0.8292215307227112
lasso,18,1329,0.021544346900318846,0.6526699614473221,0.07872827793511385,2.9777290330934657e-15,79.0,0.5864613432478516,0.6082531329326599,0.7632954081614549
lasso,18,1329,0.014677992676220698,0.5661298717701707,0.06874768741777852,4.1068307482441475e-15,88.0,0.5177369436810054,0.5172992163921952,0.6633534552373112
lasso,18,1329,0.01,0.5054954970223972,0.03552149047802055,4.764366452949545e-15,98.0,0.5264586620516156,0.455478187467066,0.5345496415485098
lasso,18,1329,0.006812920690579615,0.4614574871843864,0.054980046063908446,5.173942565308126e-15,107.66666666666667,0.5379650872802635,0.41119749942088835,0.43520987485200735
lasso,18,1329,0.004641588833612782,0.4320074752563952,0.07977596579467094,5.642187688355909e-15,119.33333333333333,0.5444673126646425,0.3835811329946275,0.3679739801099156
lasso,18,1329,0.0031622776601683794,0.4473304260623139,0.11976448701654069,6.074599282962599e-15,125.0,0.6166806204168477,0.3602715756335675,0.3650390821365265
lasso,18,1329,0.0021544346900318843,0.4528502187292007,0.09704150757769955,8.058348646606164e-15,134.0,0.5888808271330027,0.3691079799118801,0.40056184914271936
lasso,18,1329,0.0014677992676220704,0.4774283872489455,0.06770149414475059,1.3066287863205897e-14,138.33333333333334,0.5719163281838087,0.4167956069925557,0.4435732265704721
lasso,18,1329,0.001,0.518300406600481,0.06043957197452336,1.0064444240690291e-14,147.66666666666666,0.5879973139902501,0.4406014148002022,0.5263024910109908
lasso,18,1329,0.0006812920690579615,0.5308430933233718,0.07025146717624205,1.0901683007863378e-14,159.0,0.5384264371873942,0.4412623041765184,0.6128405386062026
lasso,18,1329,0.0004641588833612782,0.6124346427401653,0.10908557692024852,1.428013510073727e-14,174.66666666666666,0.5847813217485736,0.4948232379099789,0.7576993685619434
lasso,18,1329,0.00031622776601683794,0.689409786835545,0.14436289791002035,1.5267661399067767e-14,191.66666666666666,0.7580244533157883,0.488579211682103,0.8216256955087434
lasso,18,1329,0.00021544346900318845,0.795672297155269,0.18334287859212092,2.0093730412154097e-14,209.33333333333334,1.004192730820619,0.5579529545436555,0.8248712061015325
lasso,18,1329,0.00014677992676220705,0.8216865191294119,0.3038694338963228,2.560997188384183e-14,224.66666666666666,1.2291234083372546,0.49964083645587015,0.7362953125951108
lasso,18,1329,0.0001,1.3413647786982643,0.8338622696385426,7.527546096469688e-11,244.33333333333334,2.5059119688530402,0.5982751131643624,0.9199072540773902
lasso,19,1539,1.0,17.302451901445234,0.6372860256194721,3.051005329484845e-16,16.0,16.86819666985129,18.203514465208574,16.835644569275832
lasso,19,1539,0.6812920690579612,12.62860957915639,1.1326396257005273,7.627513323712112e-16,22.333333333333332,11.829625907668053,14.23040237642467,11.825800453376441
lasso,19,1539,0.4641588833612779,9.190231900120478,1.0363533192854975,9.564155704805777e-16,30.666666666666668,8.174208914806393,10.613019471157466,8.783467314397575
lasso,19,1539,0.31622776601683794,6.494501615619607,0.39556534161063317,1.3460663584541465e-15,38.666666666666664,5.969052525756181,6.923464993850216,6.590987327252425
lasso,19,1539,0.2154434690031884,4.63878661950568,0.07718129351074904,1.4346233557208666e-15,43.333333333333336,4.7069799199504585,4.530881545422428,4.678498393144152
lasso,19,1539,0.14677992676220697,2.995694083814364,0.0829400876569261,1.8862640417811395e-15,50.333333333333336,3.0434834701765485,2.8790323807420815,3.064566400524463
lasso,19,1539,0.1,1.8510241089055508,0.01498700505228759,2.6793107937160472e-15,55.666666666666664,1.8455285591261121,1.8360443718400568,1.871499395750483
lasso,19,1539,0.06812920690579616,1.2880736023490442,0.0037561284396090792,3.3917329953153825e-15,62.333333333333336,1.2827703888680209,1.2904612084015303,1.290989209777582
lasso,19,1539,0.046415888336127795,0.9517961570324803,0.04399625721750072,3.1548373277152694e-15,68.0,0.8902147599193276,0.9748859062373946,0.9902878049407189
lasso,19,1539,0.03162277660168379,0.7605761197856037,0.07570445258817356,3.604797919026361e-15,69.66666666666667,0.6626738598540128,0.7720025000823085,0.84705199942049
lasso,19,1539,0.021544346900318846,0.6562553782553514,0.08145279358669753,3.709618284047695e-15,79.66666666666667,0.5910679632905083,0.6066007600875403,0.7710974113880058
lasso,19,1539,0.014677992676220698,0.5776532500130962,0.0795631906569635,4.937052597619649e-15,89.0,0.5202516225544742,0.522543313625846,0.6901648138589684
lasso,19,1539,0.01,0.5103194512620329,0.03396878731609601,5.700856699045111e-15,99.33333333333333,0.5240496342980432,0.46358671217187364,0.543322007316182
lasso,19,1539,0.006812920690579615,0.4599656286336395,0.04553762875849743,6.0451220259194856e-15,110.66666666666667,0.5227692937090537,0.4162232860075487,0.44090430618431614
lasso,19,1539,0.004641588833612782,0.42904792093310523,0.07269036866190179,5.115745131894858e-15,121.66666666666667,0.5316234541944074,0.38363633728330154,0.37188397132160655
lasso,19,1539,0.0031622776601683794,0.4487123828327422,0.10965053433689073,8.892474015498895e-15,128.33333333333334,0.6035115969226296,0.36339052810084826,0.37923502347474874
lasso,19,1539,0.0021544346900318843,0.45672924504989076,0.09251764703350998,1.18383097617387e-14,137.66666666666666,0.5851565499818089,0.37085703700261946,0.41417414816524384
lasso,19,1539,0.0014677992676220704,0.4835975228695483,0.05891915621384552,1.457258733223423e-14,144.0,0.5645162605211005,0.42592423885614716,0.46035206923139715
lasso,19,1539,0.001,0.5284682557029189,0.0556530930141979,1.497397263243787e-14,151.66666666666666,0.5839175100323043,0.4523707509226988,0.5491165061537537
lasso,19,1539,0.0006812920690579615,0.5604530332087398,0.08891098475478522,1.7006465076144225e-14,165.0,0.554830950062176,0.4544797057259928,0.6720484438380507
lasso,19,1539,0.0004641588833612782,0.6361524695933227,0.13997571124532074,1.8350914087256272e-14,176.0,0.6001001638134966,0.48561120853878875,0.8227460364276828
lasso,19,1539,0.00031622776601683794,0.7076643532392838,0.17313627323666897,2.1469639520924558e-14,195.66666666666666,0.8270941342198666,0.46283693149672606,0.8330619940012586
lasso,19,1539,0.00021544346900318845,0.8449309631965419,0.27878222421392373,2.848173845171147e-14,219.33333333333334,1.1957099056682714,0.5136733010258203,0.8254096828955342
lasso,19,1539,0.00014677992676220705,0.9541863104480512,0.5252059672413482,3.944856914206853e-14,228.0,1.6929224496024675,0.518007691035504,0.6516287907061822
lasso,19,1539,0.0001,2.011422804943503,1.7049625282920406,7.061569029888449e-14,243.33333333333334,4.414329011363432,0.6371196028576074,0.982819800609469
lasso,20,1770,1.0,17.328555790345558,0.6703884692841213,6.10201065896969e-16,16.0,16.873648480751815,18.276374321009026,16.835644569275832
lasso,20,1770,0.6812920690579612,12.655405553497943,1.169265659557806,6.953936411171421e-16,22.333333333333332,11.8314224855759,14.308993721541492,11.825800453376441
lasso,20,1770,0.4641588833612779,9.203937871047847,1.0548831684608266,9.564155704805777e-16,30.333333333333332,8.174588084968127,10.653758213777836,8.783467314397575
lasso,20,1770,0.31622776601683794,6.50328677153659,0.4068424303668009,1.7180057469743712e-15,38.333333333333336,5.9667782079337135,6.951541235576079,6.591540871099977
lasso,20,1770,0.2154434690031884,4.647423007245496,0.0703155737413188,1.7180057469743712e-15,45.0,4.709843315271645,4.549174068001058,4.683251638463783
lasso,20,1770,0.14677992676220697,3.0014983933522927,0.08550515264447493,1.9748210390478597e-15,50.666666666666664,3.0475372719280505,2.8816439762013117,3.075313931927515
lasso,20,1770,0.1,1.8556320553626613,0.014086819027819037,2.173841297257952e-15,55.666666666666664,1.8555428033492807,1.838424095156196,1.8729292675825073
lasso,20,1770,0.06812920690579616,1.292872980451791,0.0005005352875150593,2.9755151081617975e-15,64.0,1.2922679572055173,1.293493711362013,1.2928572727878427
lasso,20,1770,0.046415888336127795,0.9563187826111655,0.04077331533912196,3.0994949043352057e-15,68.66666666666667,0.8991090088358052,0.9786805769923795,0.9911667620053117
lasso,20,1770,0.03162277660168379,0.7658614215085219,0.07181009381424766,3.559991290122151e-15,73.0,0.6721287010982612,0.7788800756793356,0.8465754877479686
lasso,20,1770,0.021544346900318846,0.6590836105255473,0.07581173357708301,5.181941864296916e-15,80.33333333333333,0.5992178915653871,0.6119892008603355,0.7660437391509195
lasso,20,1770,0.014677992676220698,0.5831787361420906,0.07177585990883337,5.4393704389722e-15,91.33333333333333,0.5347409514310415,0.5301448171721156,0.6846504398231149
lasso,20,1770,0.01,0.518573083622566,0.03386259770450517,7.383194537561959e-15,98.0,0.5484853527883903,0.47122936808708504,0.5360045299922226
lasso,20,1770,0.006812920690579615,0.4668564384469511,0.05436094439180034,7.200849297166966e-15,111.0,0.543309667879255,0.4216408184524181,0.43561882900918036
lasso,20,1770,0.004641588833612782,0.430971478635916,0.07948747701050289,7.052457869828427e-15,120.0,0.5430982559551594,0.3818419098645991,0.3679742700879896
lasso,20,1770,0.0031622776601683794,0.4498602125502246,0.11782312973791113,7.89707023125977e-15,129.66666666666666,0.6164209463844186,0.36250844411570804,0.37065124715054715
lasso,20,1770,0.0021544346900318843,0.4649770257808838,0.1110711526058706,9.070781860433264e-15,140.33333333333334,0.6200881996000206,0.3659599797146775,0.40888289802795325
lasso,20,1770,0.0014677992676220704,0.4973085094193665,0.0789651860970061,9.590169322752876e-15,142.66666666666666,0.6076162698531398,0.4270748608333647,0.4572343975715949
lasso,20,1770,0.001,0.5385010142179666,0.06391109666322188,1.175024386512635e-14,151.66666666666666,0.6110634710944933,0.4555511688720298,0.5488884026873769
lasso,20,1770,0.0006812920690579615,0.5655592908490845,0.09228785390648239,1.2593911973793442e-14,163.66666666666666,0.5698729119246009,0.4504351555093775,0.6763698051132752
lasso,20,1770,0.0004641588833612782,0.6476249240539278,0.12331510444172335,1.417576133747023e-14,183.66666666666666,0.6264533695042379,0.5082982387592057,0.8081231638983397
lasso,20,1770,0.00031622776601683794,0.7563042344731766,0.17218072060543133,1.954646648108035e-14,200.33333333333334,0.8955724594910491,0.5136887011480532,0.8596515427804277
lasso,20,1770,0.00021544346900318845,0.9037846292694004,0.2749111610714992,2.1367696477993743e-14,215.0,1.2516982345988217,0.5795570305645662,0.8800986226448133
lasso,20,1770,0.00014677992676220705,0.9505697909544727,0.48192232198673846,2.6058684191088335e-14,232.66666666666666,1.6294909566455977,0.5594059710140495,0.6628124452037707
lasso,20,1770,0.0001,1.7057862899193381,1.2881583687417106,1.5241766427297898e-10,247.66666666666666,3.519900622432426,0.654611581819677,0.942846665505911
