degree,alpha,features,cv_mse,cv_std,fold_1_mse,fold_2_mse,fold_3_mse
1,1e-08,3,36.414227528276676,4.1733129766045,42.25596548280677,34.22163394809374,32.7650831539295
1,3.162277660168379e-08,3,36.4142275281893,4.1733129766737695,42.25596548275009,34.22163394840181,32.765083153416
1,1e-07,3,36.41422752791295,4.17331297689292,42.25596548257092,34.22163394937599,32.76508315179195
1,3.162277660168379e-07,3,36.41422752703914,4.173312977585949,42.255965482004434,34.22163395245659,32.76508314665637
1,1e-06,3,36.41422752427585,4.173312979777377,42.25596548021286,34.22163396219837,32.76508313041634
1,3.162277660168379e-06,3,36.41422751553763,4.173312986707357,42.25596547454753,34.22163399300453,32.76508307906083
1,1e-05,3,36.4142274879049,4.173313008621865,42.25596545663213,34.221634090422185,32.76508291666039
1,3.1622776601683795e-05,3,36.41422740052269,4.173313077921623,42.25596539997881,34.2216343984839,32.76508240310537
1,0.0001,3,36.41422712419722,4.173313297066821,42.25596522082665,34.221635372661225,32.76508077910377
1,0.00031622776601683794,3,36.41422625039266,4.173313990065883,42.255964654311406,34.22163845328655,32.76507564358001
1,0.001,3,36.41422348731339,4.173316181532471,42.255962862969504,34.22164819514061,32.76505940383007
1,0.0031622776601683794,3,36.41421475102292,4.173323111669173,42.255957199613896,34.22167900220273,32.76500805125213
1,0.01,3,36.41418713777938,4.173345027794446,42.2559393041595,34.22177642883151,32.76484568034712
1,0.03162277660168379,3,36.414099950330005,4.17341434374892,42.2558828502139,34.22208458030967,32.76433242046644
1,0.1,3,36.41382557130581,4.173633650648759,42.25570569057281,34.22305965448086,32.76271136886374
1,0.31622776601683794,3,36.41297119486406,4.174328259529078,42.255159062283354,34.22614922629317,32.75760529601567
1,1.0,3,36.4104012513728,4.1765355981909655,42.25356538714991,34.23597985309325,32.74165851387522
1,3.1622776601683795,3,36.40356074445913,4.183617504048588,42.24984135818312,34.2676531665083,32.693187708685976
1,10.0,3,36.3938414199565,4.206849608805102,42.25022329899662,34.37310235893653,32.558198601936354
1,31.622776601683793,3,36.45715101363117,4.284408923523151,42.346783908396674,34.744571560344646,32.280097572152194
1,100.0,3,37.12219716387752,4.511215201628179,43.11194423935072,36.029635738281534,32.22501151400029
1,316.22776601683796,3,39.568897009181086,4.905283225957904,45.75437972660634,39.19600085831046,33.75631044262646
1,1000.0,3,43.086212034318145,5.2172434288203124,49.45095025637126,43.13602856413977,36.6716572824434
2,1e-08,9,22.264055420970948,3.017854232938443,24.378305436768226,24.417635383935036,17.99622544220958
2,3.162277660168379e-08,9,22.2640554206718,3.0178542330420672,24.3783054377236,24.41763538253515,17.99622544175665
2,1e-07,9,22.26405541972581,3.0178542333697793,24.378305440744764,24.417635378108347,17.99622544032432
2,3.162277660168379e-07,9,22.264055416734347,3.0178542344060943,24.37830545029854,24.417635364109582,17.996225435794916
2,1e-06,9,22.264055407274455,3.0178542376832134,24.37830548051017,24.417635319841565,17.996225421471625
2,3.162277660168379e-06,9,22.26405537735967,3.0178542480463513,24.37830557604772,24.41763517985384,17.99622537617746
2,1e-05,9,22.26405528276102,3.0178542808175126,24.378305878164173,24.417634737173994,17.996225232944898
2,3.1622776601683795e-05,9,22.26405498361511,3.0178543844492443,24.37830683354106,24.41763333729924,17.996224780005033
2,0.0001,9,22.264054037646,3.0178547121640724,24.37830985471679,24.417628910525153,17.996223347696063
2,0.00031622776601683794,9,22.264051046362315,3.0178557485142554,24.37831940860016,24.417614912022454,17.99621881846433
2,0.001,9,22.264041588425638,3.0178590259903224,24.378349621500856,24.417570646730837,17.996204497045216
2,0.0031622776601683794,9,22.264011693131977,3.01786939276958,24.3784451717684,24.417430686194386,17.996159221433143
2,0.01,9,22.263917289168464,3.017902200296201,24.37874741509104,24.416988278146466,17.996016174267893
2,0.03162277660168379,9,22.26362008934615,3.01800619549292,24.379704060208443,24.415591120281956,17.99556508754806
2,0.1,9,22.262693551863748,3.0183375367070897,24.382737895255747,24.411191477468243,17.994151282867243
2,0.31622776601683794,9,22.259895662895264,3.0194098936870297,24.392417653707685,24.397463100499905,17.989806234478205
2,1.0,9,22.252342968595684,3.0230394507801135,24.423866955597326,24.35586207933556,17.977299870854164
2,3.1622776601683795,9,22.24063411271854,3.036688076711907,24.531108883134408,24.24142687794347,17.949366577077733
2,10.0,9,22.304340858720227,3.0959473319827895,24.93198871332624,24.023491525401703,17.957542337432738
2,31.622776601683793,9,23.082981142382923,3.3422923420422777,26.496506233265215,24.20769559489699,18.544741598986565
2,100.0,9,26.640710663353193,3.96781130208724,31.267810095783307,27.076297707152186,21.578024187124086
2,316.22776601683796,9,33.82899594812141,4.709937599379814,39.5008947111867,34.017520339202974,27.968572793974538
2,1000.0,9,40.78800180583585,5.160210869883295,46.99203989192619,41.01375948340281,34.35820604217856
3,1e-08,19,13.184705337876247,1.8574670451079975,15.132602050398846,10.684470791707861,13.737043171522036
3,3.162277660168379e-08,19,13.184705336533328,1.8574670432833713,15.132602049687586,10.684470793984534,13.737043165927867
3,1e-07,19,13.18470533228664,1.857467037513419,15.1326020474384,10.68447080118397,13.737043148237554
3,3.162277660168379e-07,19,13.184705318857466,1.857467019267214,15.132602040325857,10.68447082395063,13.73704309229591
3,1e-06,19,13.184705276390687,1.8574669615676616,15.132602017834039,10.68447089594512,13.737042915392907
3,3.162277660168379e-06,19,13.184705142099174,1.8574667791057287,15.13260194670888,10.684471123611823,13.73704235597682
3,1e-05,19,13.184704717434462,1.8574662021112602,15.132601721793739,10.68447184355846,13.737040586951185
3,3.1622776601683795e-05,19,13.184703374550088,1.8574643775027704,15.132601010573106,10.684474120242685,13.737034992834474
3,0.0001,19,13.18469912821048,1.8574586076664203,15.132598761731135,10.68448131988095,13.737017303019359
3,0.00031622776601683794,19,13.184685702441685,1.8574403626648341,15.132591652619245,10.684504088441996,13.736961366263815
3,0.001,19,13.184643269790664,1.8573826751330964,15.132569195138966,10.684576102009983,13.736784512223046
3,0.0031622776601683794,19,13.18450931942799,1.857200333402387,15.132498413287843,10.684803959389233,13.736225585606894
3,0.01,19,13.184088062175391,1.8566245398999734,15.132276927103671,10.685525810055724,13.734461449366778
3,0.03162277660168379,19,13.182779125337921,1.8548119080781718,15.131599867001805,10.687821448708375,13.728916060303586
3,0.1,19,13.178868293650888,1.8491608073018335,15.129688601339856,10.695207950937531,13.711708328675282
3,0.31622776601683794,19,13.168677025174313,1.8320717407071652,15.125832919556194,10.719763776611142,13.660434379355603
3,1.0,19,13.15520974064574,1.785054820407823,15.132490002786007,10.807377518109247,13.525761701041963
3,3.1622776601683795,19,13.23493590105471,1.6887436107062526,15.27642461963592,11.140867111323326,13.287515972204883
3,10.0,19,13.893293847726904,1.645325357732345,16.14458270730254,12.25831931647386,13.27697951940431
3,31.622776601683793,19,16.148990483518357,2.052660360498453,19.040587114626238,14.924830444366812,14.481553891562022
3,100.0,19,21.210531038235782,2.988028541096371,25.30949574046409,20.050620562252902,18.271476811990357
3,316.22776601683796,19,28.848203104325425,3.987861378031924,34.10090771203818,27.99987731424294,24.44382428669516
3,1000.0,19,36.80839675368588,4.775903062462245,42.77613801694316,36.563763836124174,31.085288407990298
4,1e-08,34,3.99910229342223,0.32530289851209043,4.2440183764360775,4.21390534940717,3.539383154423442
4,3.162277660168379e-08,34,3.9991022950955717,0.32530290016361874,4.244018386786414,4.213905344405601,3.5393831540946996
4,1e-07,34,3.9991023003871367,0.32530290538621354,4.244018419517056,4.213905328589239,3.5393831530551148
4,3.162277660168379e-07,34,3.999102317120552,0.32530292190151444,4.244018523020425,4.213905278573553,3.5393831497676778
4,1e-06,34,3.9991023700364408,0.32530297412757697,4.244018850326888,4.213905120410392,3.5393831393720427
4,3.162277660168379e-06,34,3.9991025373729308,0.32530313928172366,4.244019885361315,4.213904620257699,3.539383106499778
4,1e-05,34,3.999103066555023,0.3253036615534527,4.244023158432869,4.213903038667508,3.539383002564693
4,3.1622776601683795e-05,34,3.999104740152175,0.32530531320626904,4.244033508846904,4.213898037555139,3.5393826740544814
4,0.0001,34,3.9991100342953434,0.3253105370368642,4.244066240259712,4.213882225798541,3.539381636827779
4,0.00031622776601683794,34,3.999126793484598,0.32532706469359857,4.244169751370585,4.213832256119668,3.539378372963542
4,0.001,34,3.999179966945418,0.3253794141462223,4.244497135135676,4.213674552742763,3.5393682129578163
4,0.0031622776601683794,34,3.999349874452139,0.32554579779289294,4.24553294046209,4.213178989669221,3.5393376932251055
4,0.01,34,3.9999046183121507,0.3260802255772564,4.248813652746472,4.21164303632936,3.5392571658606187
4,0.03162277660168379,34,4.001829239636057,0.3278491635837799,4.259238367232919,4.207090268176482,3.53915908349877
4,0.1,34,4.009497603716979,0.33412177378677643,4.292650894309518,4.19552468260222,3.540317234239198
4,0.31622776601683794,34,4.046452857249813,0.35812510465464764,4.401399185702157,4.181853811183811,3.556105574863471
4,1.0,34,4.2337743660426295,0.4396697248528887,4.7532094562765135,4.270037547838116,3.6780760940132584
4,3.1622776601683795,34,4.996529540796996,0.6198711002326385,5.782410213935087,4.939972834992662,4.267205573463241
4,10.0,34,7.126051278467469,0.9145820558487582,8.198211231272127,7.216505644318018,5.963436959812262
4,31.622776601683793,34,10.887022517682048,1.4852606568301103,12.339708872735686,11.474557414206185,8.846801266104274
4,100.0,34,15.83598513595758,2.3932130183229066,18.275114579600572,16.648460889734622,12.584379938537548
4,316.22776601683796,34,23.328188417643982,3.5827232231378616,27.414531037059675,23.87928223277923,18.690751983093033
4,1000.0,34,33.36668286226361,4.624153782927858,38.84930714896669,33.71241145566776,27.538329982156366
5,1e-08,55,1.834220972188015,0.2765098080527151,1.6867887149397842,1.5942743710114051,2.2215998306128553
5,3.162277660168379e-08,55,1.834220977313801,0.27650979704490986,1.6867887389105367,1.5942743746272907,2.2215998184035755
5,1e-07,55,1.8342209935229736,0.27650976223518337,1.6867888147127201,1.5942743860617332,2.2215997797944675
5,3.162277660168379e-07,55,1.83422104478103,0.27650965215723844,1.6867890544203556,1.5942744222207559,2.221599657701979
5,1e-06,55,1.834221206874787,0.2765093040609815,1.6867898124433223,1.5942745365670499,2.2215992716139885
5,3.162277660168379e-06,55,1.834221719475743,0.27650820329162334,1.6867922095311287,1.5942748981760102,2.22159805072009
5,1e-05,55,1.834223340617168,0.2765047224299074,1.6867997898753704,1.5942760418262136,2.2215941901499194
5,3.1622776601683795e-05,55,1.8342284686650168,0.2764937157449442,1.6868237618987771,1.5942796597881534,2.2215819843081195
5,0.0001,55,1.8342447004542413,0.27645891721299004,1.6868995767892074,1.594291115004727,2.221543409568789
5,0.00031622776601683794,55,1.8342961844288626,0.27634895118850955,1.6871394113214189,1.5943274814873427,2.221421660477826
5,0.001,55,1.8344605292947456,0.27600197327035414,1.6878986974761938,1.5944438934035217,2.2210389970045212
5,0.0031622776601683794,55,1.8349953894982833,0.274912360301226,1.6903082366305864,1.5948258788207814,2.219852053043482
5,0.01,55,1.8368314775401107,0.27154222287402346,1.6980076303760325,1.5961648259206818,2.2163219763236173
5,0.03162277660168379,55,1.8438952010147076,0.26161761294477504,1.7230187070122955,1.6015012865755427,2.2071656094562844
5,0.1,55,1.8746805549391201,0.23695810467543144,1.8059004066103697,1.6250359772492446,2.193105280957746
5,0.31622776601683794,55,2.0032500266949054,0.21219846917603652,2.07151780748201,1.7160412105169467,2.2221910620857597
5,1.0,55,2.428776613497522,0.335294985442009,2.8000651380176285,1.9877058166652024,2.498558885809736
5,3.1622776601683795,55,3.51552365651049,0.6617912590951633,4.352258009300495,2.7340336041245066,3.4602793561064686
5,10.0,55,5.630318902915804,0.9747965507856363,6.873212763985474,4.492390016527856,5.525353928234084
5,31.622776601683793,55,8.710290054017024,1.1292525889473082,10.25347476800586,7.582674076528556,8.294721317516654
5,100.0,55,12.952905425705405,1.6245356339051182,15.230154655407079,12.077484150705354,11.551077471003783
5,316.22776601683796,55,20.085424273803053,2.826344682612074,23.865830718588764,19.3193792838496,17.071062818970784
5,1000.0,55,30.06289799401381,4.114249837731341,35.29094330180469,29.66048884289702,25.237261837339712
6,1e-08,83,0.7635284804886152,0.0189027752161488,0.7888052889141152,0.7584256308787999,0.7433545216729308
6,3.162277660168379e-08,83,0.7635284859276895,0.018902770624403153,0.7888052725151523,0.7584256848984778,0.7433545003694382
6,1e-07,83,0.7635285031277013,0.018902756104457172,0.7888052206573224,0.7584258557236515,0.74335443300213
6,3.162277660168379e-07,83,0.7635285575204122,0.018902710192643793,0.7888050566709095,0.7584263959198227,0.7433542199705044
6,1e-06,83,0.763528729540234,0.018902565049598908,0.7888045381247574,0.7584281041654849,0.7433535463304598
6,3.162277660168379e-06,83,0.7635292736643428,0.01890210649556389,0.7888028985820392,0.7584335060663977,0.7433514163445915
6,1e-05,83,0.7635309958321984,0.018900660705414116,0.7887977163341956,0.7584505879150388,0.7433446832473608
6,3.1622776601683795e-05,83,0.7635364567579931,0.018896131544270996,0.7887813530283228,0.7585046008416748,0.7433234164039818
6,0.0001,83,0.7635538749173577,0.01888223667857593,0.7887298512784378,0.7586753584228928,0.7432564150507427
6,0.00031622776601683794,83,0.7636104374774152,0.01884255089741894,0.7885694102689425,0.7592148761417068,0.7430470260215964
6,0.001,83,0.7638037956776786,0.01875882540268155,0.788085839905074,0.760916261654239,0.7424092854737229
6,0.0031622776601683794,83,0.7645506085105969,0.018882563509072792,0.7867817264925818,0.7662475376450448,0.740622561394164
6,0.01,83,0.7680176432817437,0.022018305023777843,0.7845668499123643,0.7825860138118622,0.7369000661210044
6,0.03162277660168379,83,0.7853136898407364,0.037745839659389546,0.7897620190844634,0.8291577560574136,0.7370212943803323
6,0.1,83,0.8540728276988702,0.0684640215188509,0.8477105268575845,0.9409237110568438,0.7735842451821823
6,0.31622776601683794,83,1.0321343747465723,0.1061164016647756,1.0530267896255878,1.1503880752472504,0.8929882593668788
6,1.0,83,1.3715894847929253,0.17104712287858717,1.5012182609980735,1.4836449998741055,1.1299051935065976
6,3.1622776601683795,83,1.9888991004831935,0.28213129358746647,2.3021756232415354,2.046247907517835,1.6182737706902108
6,10.0,83,3.1355829072921337,0.42401467483062677,3.6510402155735893,3.1432040019962284,2.612504504306583
6,31.622776601683793,83,5.421207164109082,0.6532093686637226,6.124847507886664,5.587741522364972,4.55103246207561
6,100.0,83,9.468376085219138,1.2751759277582018,10.639518621455757,10.070419796782344,7.695189837419311
6,316.22776601683796,83,16.089538634574108,2.4654904205125985,18.63986965714487,16.8734562388875,12.75529000768995
6,1000.0,83,26.544835463146658,3.904866611210511,31.015075232913926,27.11768498294202,21.50174617358403
7,1e-08,119,0.49090077395928505,0.07775200700085351,0.42071736133458254,0.452686420950089,0.5992985395931837
7,3.162277660168379e-08,119,0.49090076822690093,0.07775195131590132,0.42071734972976993,0.45268651096394796,0.5992984439869848
7,1e-07,119,0.49090075010235673,0.07775177522423152,0.42071731303768817,0.45268679561328423,0.5992981416560978
7,3.162277660168379e-07,119,0.49090069281598375,0.07775121836960751,0.4207171970627043,0.45268769575872003,0.5992971856265269
7,1e-06,119,0.4909005119451843,0.07774945740197277,0.42071683087315204,0.45269054232049416,0.5992941626419066
7,3.162277660168379e-06,119,0.4908999428261685,0.077743888347238,0.4207156784321095,0.45269954445820576,0.5992846055881903
7,1e-05,119,0.49089817151262044,0.07772627361528359,0.420712089503333,0.4527280168845587,0.5992544081499697
7,3.1622776601683795e-05,119,0.4908928526078169,0.07767053343417993,0.4207012909458177,0.4528181055637736,0.5991591613138593
7,0.0001,119,0.49087881066841804,0.07749391839626207,0.4206725415066521,0.4531034785365672,0.5988604119620348
7,0.00031622776601683794,119,0.49086077685538393,0.07693269232063871,0.42063238656878127,0.4540101290552901,0.5979398149420806
7,0.001,119,0.4910292817354809,0.07515080882918328,0.42092627485259554,0.45690244737523694,0.5952591229786103
7,0.0031622776601683794,119,0.49302571375247456,0.06980406355259737,0.4243190864784926,0.4659912398486349,0.5887668149302963
7,0.01,119,0.5044724047540717,0.057879249924469356,0.4408349914031773,0.49170724580265435,0.5808749770563837
7,0.03162277660168379,119,0.5434084963116838,0.046863477661657105,0.4836381935923457,0.5484962386848082,0.5980910566578975
7,0.1,119,0.6345044271454907,0.053117510418805546,0.5652859097178982,0.6438391432623889,0.6943882284561852
7,0.31622776601683794,119,0.7921938775807486,0.07011833645032661,0.713712846705247,0.7789423221469786,0.8839264638900198
7,1.0,119,1.014190635246059,0.06497978023625511,0.9872863249758203,0.9515462968615026,1.1037392839008542
7,3.1622776601683795,119,1.4265317378989772,0.13302510906850792,1.5762804773780144,1.2530419244786526,1.4502728118402648
7,10.0,119,2.4244528380229773,0.34519526493849517,2.8714475668900517,2.0309953586279446,2.3709155885509348
7,31.622776601683793,119,4.560216693888685,0.580458692089794,5.328833420779633,3.9262692205435887,4.425547440342833
7,100.0,119,8.151255069307288,0.857148111995112,9.363445528834697,7.544944855305331,7.5453748237818346
7,316.22776601683796,119,14.178982109978167,1.8036332793410719,16.594567192213834,13.68066193786446,12.261717199856209
7,1000.0,119,24.107820832402282,3.3330864771045983,28.365993992295085,23.7294967152311,20.22797178968067
8,1e-08,164,0.42235339156367785,0.03247282527191134,0.4682764096921972,0.3995759373441985,0.3992078276546378
8,3.162277660168379e-08,164,0.42235196251654217,0.03247137951114655,0.4682729331058745,0.39957607444726384,0.39920687999648824
8,1e-07,164,0.42234744395184515,0.03246680810856229,0.46826194029517826,0.399576508127728,0.3992038834326293
8,3.162277660168379e-07,164,0.42233315978548974,0.03245235700675741,0.46822718917740924,0.3995778807702885,0.39919440940877143
8,1e-06,164,0.42228803713574975,0.03240670799154196,0.468117408394989,0.399582233675579,0.39916446933668115
8,3.162277660168379e-06,164,0.42214582377988163,0.03226284557402022,0.4677713663630613,0.39959612052598453,0.399069984450599
8,1e-05,164,0.42170082822045796,0.03181279438806928,0.4666881216443085,0.399641235610732,0.39877312740633325
8,3.1622776601683795e-05,164,0.4203394037241774,0.03043712840288254,0.46336939851299513,0.3997954055450502,0.39785340711448686
8,0.0001,164,0.4164503299387339,0.026526036265309486,0.45384083624826843,0.40038346571261874,0.39512668785531435
8,0.00031622776601683794,164,0.407316932721427,0.017784779126600665,0.430966662843796,0.4029059230491271,0.388078212271358
8,0.001,164,0.3943461001254205,0.01489086054573585,0.39446479221800407,0.41252396948689307,0.37604953867136437
8,0.0031622776601683794,164,0.39135217877947137,0.030453355855156638,0.36760967737932676,0.4343414394530189,0.37210541950606846
8,0.01,164,0.40896222493079576,0.03787069010319825,0.3742920983967989,0.4616493814586777,0.3909451949369108
8,0.03162277660168379,164,0.4426073406249306,0.03701780781283263,0.40852344520046413,0.4940613966338411,0.42523718004048655
8,0.1,164,0.4880892358996827,0.041607549931403566,0.45260993571210356,0.5464822592925123,0.46517551269443236
8,0.31622776601683794,164,0.5616125998065086,0.0511779983609001,0.5267635066954841,0.6339728979846827,0.5241013947393589
8,1.0,164,0.7007737799299214,0.05846209068488351,0.699715848298022,0.7728980295037277,0.6297074619880147
8,3.1622776601683795,164,0.9892746371820221,0.10624276832487531,1.0815716295291067,1.0458015403734753,0.8404507416434841
8,10.0,164,1.631007984522989,0.20546134553635137,1.8490245713598785,1.6883520961439873,1.3556472860651019
8,31.622776601683793,164,3.0313878612314133,0.338721648262272,3.37138668184066,3.1536197531353425,2.5691571487182374
8,100.0,164,5.941653844195826,0.685121851988005,6.485706596171805,6.363956554742263,4.975298381673407
8,316.22776601683796,164,11.385376233371964,1.6208933448525127,12.82612657096022,12.209061199946678,9.120940929208995
8,1000.0,164,21.02730540358152,3.1423104659174443,24.415893745687775,21.82284544028754,16.84317702476924
9,1e-08,219,0.7043708651856271,0.04476667004509402,0.7647858983052609,0.6905523678232678,0.6577743294283525
9,3.162277660168379e-08,219,0.7043391636248596,0.04476872839611944,0.7647636565099335,0.6904982047918696,0.6577556295727757
9,1e-07,219,0.7042389736272242,0.04477526544844116,0.7646933500622898,0.6903270503892465,0.6576965204301364
9,3.162277660168379e-07,219,0.7039227350239097,0.04479621494219835,0.7644713038162984,0.6897870510198334,0.657509850235597
9,1e-06,219,0.7029285564068036,0.04486516864807385,0.7637719361807918,0.6880917114015802,0.6569220216380389
9,3.162277660168379e-06,219,0.6998418800683841,0.045108162179738204,0.7615878165516563,0.6828505161541715,0.6550873074993248
9,1e-05,219,0.690612936957072,0.046067410652479865,0.7549391046884081,0.6673895172398118,0.649510188942996
9,3.1622776601683795e-05,219,0.6657397897563366,0.049796308084945604,0.7360696255635671,0.6274453199946711,0.6337044237107716
9,0.0001,219,0.61238602839459,0.05775837415104164,0.6901990807166414,0.5519645924475148,0.594994412019614
9,0.00031622776601683794,219,0.5309381315892062,0.05574667642162715,0.6035339192085821,0.468014561956579,0.5212659136024577
9,0.001,219,0.4464176736657457,0.030109996089565303,0.4879535368525718,0.4175258976151557,0.43377358652950965
9,0.0031622776601683794,219,0.39325548564786866,0.00482095771057202,0.3911338149812074,0.39992758955945834,0.3887050524029402
9,0.01,219,0.3789256615431739,0.02404578535011192,0.3449309381864524,0.39667719666343215,0.39516884977963723
9,0.03162277660168379,219,0.3868748319100886,0.03468810272235126,0.3379516699982833,0.40820753493164313,0.4144652908003394
9,0.1,219,0.41164120422702116,0.04103777595140844,0.35386825803068234,0.4453092668520317,0.43574608779834956
9,0.31622776601683794,219,0.46392538413304824,0.0490945885370599,0.39554340507741526,0.5085253429067146,0.4877074044150149
9,1.0,219,0.5626461191801124,0.04479486865348082,0.4994796076621015,0.5900623312019303,0.5983964186763057
9,3.1622776601683795,219,0.7618180475153679,0.018323703944824393,0.7548667863075914,0.7436743079826791,0.7869130482558326
9,10.0,219,1.2656121410254941,0.08441216653209554,1.3794309845340875,1.17752461902859,1.2398808195138045
9,31.622776601683793,219,2.5615115224237086,0.2155607614269175,2.8569369544535155,2.348664150633787,2.478933462183823
9,100.0,219,5.2931682311560415,0.41026500208431105,5.873364854461054,5.000841325337772,5.005298513669299
9,316.22776601683796,219,10.298342564564342,1.0787574049631572,11.712489497096051,10.086968249046835,9.095569947550137
9,1000.0,219,19.344658864767897,2.5664076901625683,22.59032969439882,19.128553096135576,16.315093803769297
10,1e-08,285,1.2488883709409075,0.3034977961976192,1.1976312733435301,1.6435642079082495,0.9054696315709427
10,3.162277660168379e-08,285,1.2479355119165958,0.30293291893034796,1.1963580579914612,1.6420411604866851,0.9054073172716408
10,1e-07,285,1.244942345865399,0.30115854694938976,1.1923641886703318,1.637252405610844,0.9052104433150209
10,3.162277660168379e-07,285,1.2356730551063075,0.29566404712052774,1.1800503534541993,1.622379139016068,0.9045896728486551
10,1e-06,285,1.208188848402347,0.2793749627937242,1.1440338811212392,1.5778883986852672,0.9026442654005354
10,3.162277660168379e-06,285,1.1361707316314946,0.23670661064337795,1.0533908604491886,1.4584621605947803,0.8966591738505153
10,1e-05,285,0.9953728099411455,0.15406278693133763,0.8938484385692455,1.2130859314996791,0.8791840597545122
10,3.1622776601683795e-05,285,0.8253180138216788,0.06743531650500881,0.7384473832301465,0.9028326927216588,0.8346739655132311
10,0.0001,285,0.6920036570662077,0.04228780859015242,0.6544578743638988,0.6704637243536811,0.7510893724810432
10,0.00031622776601683794,285,0.5897680510779573,0.05204681413560247,0.6012849519968487,0.5210506692630855,0.6469685319739377
10,0.001,285,0.5003777136902182,0.053269562859225364,0.5344091081777885,0.4251566246623124,0.5415674082305535
10,0.0031622776601683794,285,0.42599034905758754,0.02731157106144134,0.44643164284969694,0.3873884054708468,0.44415099885221865
10,0.01,285,0.3782536443934661,0.003080447226412374,0.3740527713762244,0.3813531965569665,0.3793549652472075
10,0.03162277660168379,285,0.3643199288883044,0.017249928060578644,0.34449809785723895,0.38654592816622485,0.3619157606414494
10,0.1,285,0.377506298341529,0.0248970186549195,0.348576103998548,0.40935170616367034,0.3745910848623687
10,0.31622776601683794,285,0.4121868806100986,0.03333309357234892,0.37665796449716865,0.4567825663785924,0.4031201109545347
10,1.0,285,0.4805260929933825,0.02985355904823659,0.45565496398859506,0.5225069225697307,0.4634163924218216
10,3.1622776601683795,285,0.6409226974352423,0.029321152320470174,0.6634910274927094,0.6597648965899486,0.5995121682230691
10,10.0,285,1.0377153454497394,0.08546650485064995,1.1227318130072155,1.0696109782379728,0.9208032451040297
10,31.622776601683793,285,1.9599012044207675,0.18347246898302869,2.09521702985609,2.0839734167543376,1.7005131666518756
10,100.0,285,4.035855601739702,0.39893218014523435,4.252512665182236,4.378653564672082,3.4764005753647864
10,316.22776601683796,285,8.381119484255663,1.0762335013287887,9.11559973007367,9.168358421551293,6.859400301142025
10,1000.0,285,16.836317953827095,2.462174463506446,19.251628453975414,17.80079553210848,13.456529875397395
11,1e-08,363,13.560321544060104,12.250496314670636,30.672940249985874,7.345101831166106,2.66292255102833
11,3.162277660168379e-08,363,13.425708111372463,12.08295166107382,30.301980743503012,7.309240979379477,2.6659026112349005
11,1e-07,363,13.034666494906544,11.599373175935304,29.230254812450397,7.194166379539022,2.6795782927302114
11,3.162277660168379e-07,363,12.037871355548774,10.391551537717161,26.543115708740135,6.82851365821304,2.741984699693145
11,1e-06,363,9.979841034153356,8.027903696990387,21.206283352970434,5.831577655342159,2.901662094147475
11,3.162277660168379e-06,363,6.788944234205654,4.656036923532392,13.335814524628688,4.125334310043281,2.9056838679449903
11,1e-05,363,3.666177953283172,1.6870354247282304,6.0516550466953785,2.5088945054512783,2.43798430770286
11,3.1622776601683795e-05,363,1.8456565027877605,0.34246513330232586,2.2930058131344246,1.4612569360700673,1.7827067591587888
11,0.0001,363,1.0810670618782767,0.12119714898781193,1.0513185490607948,0.9497585803422729,1.2421240562317624
11,0.00031622776601683794,363,0.7672688902646275,0.08632254399929126,0.7161801997682374,0.6967932809133365,0.888833190112309
11,0.001,363,0.60369613460584,0.0621793599222548,0.6387982565348114,0.516321796880845,0.6559683504018636
11,0.0031622776601683794,363,0.49042891456273957,0.05840361357858659,0.5606127752224892,0.41762568094426267,0.4930482875214668
11,0.01,363,0.40741025347619914,0.02630196664810632,0.4435635158589368,0.3817575818512765,0.3969096627183842
11,0.03162277660168379,363,0.36022326657589915,0.0034711411816701764,0.35581601305664257,0.36429914304306654,0.36055464362798845
11,0.1,363,0.34917446278277486,0.019697551900527424,0.322075397613306,0.36831155534630294,0.3571364353887157
11,0.31622776601683794,363,0.36716181924451036,0.031909624264816666,0.325827925506819,0.40351213636479094,0.3721453958619212
11,1.0,363,0.41431250052621266,0.035864719339540635,0.36718983435016234,0.45412215319816474,0.42162551403031084
11,3.1622776601683795,363,0.5271441888187774,0.020932610205737452,0.49754339225423777,0.5422699900767025,0.5416191841253922
11,10.0,363,0.8357147654539144,0.006510813000570721,0.8449149842229945,0.8314356075351778,0.830793704603571
11,31.622776601683793,363,1.6662616561684214,0.046557248951253793,1.726846294860732,1.6582962781881403,1.613642395456392
11,100.0,363,3.661333351133061,0.1484540400335183,3.8593027900329613,3.622879441603797,3.501817821762425
11,316.22776601683796,363,7.749731420625111,0.6180915402717628,8.486993334910784,7.787781395591404,6.9744195313731465
11,1000.0,363,15.704145017074458,1.9132549167778603,18.03932562981556,15.720199587459827,13.352909833947981
12,1e-08,454,203.41171875884905,112.63221340237583,355.55590152269355,168.18242334168565,86.49683141216806
12,3.162277660168379e-08,454,174.8812893491796,74.27665430705386,244.29235166013768,208.45540658341176,71.89610980398932
12,1e-07,454,117.15504672117343,47.48312047744985,131.65023646281853,166.69113965925695,53.12376404144482
12,3.162277660168379e-07,454,57.10673137916286,20.607293798645774,61.78196869354362,79.68090618603732,29.857319257907655
12,1e-06,454,24.668279181791416,9.045131918937512,34.45463498530194,26.908967497718905,12.6412350623534
12,3.162277660168379e-06,454,11.685868729734002,6.468877405625914,20.761580212534984,8.144586188977586,6.151439787689435
12,1e-05,454,5.234511998512179,2.5255113410462355,8.803447183211205,3.3303049548830916,3.5697838574422405
12,3.1622776601683795e-05,454,2.2817215164339237,0.3969362557683782,2.809106464061867,1.8514864820634003,2.184571603176504
12,0.0001,454,1.2343388737571526,0.1281388823676265,1.1599198932149066,1.128454963541299,1.414641764515252
12,0.00031622776601683794,454,0.8397376127273016,0.09552798826527995,0.7831436558488516,0.7617978844844796,0.9742712978485737
12,0.001,454,0.6655514480861052,0.07818089497809831,0.7059406182931923,0.5562226119515923,0.7344911140135311
12,0.0031622776601683794,454,0.5521451415993064,0.08425488643649073,0.6274691167811439,0.43452658514288806,0.594439722873887
12,0.01,454,0.457124483805188,0.047389279920424555,0.49969699856763666,0.3910129933831266,0.48066345946480066
12,0.03162277660168379,454,0.3850167163913678,0.011043870000712445,0.39100353523583004,0.36953054518554185,0.3945160687527316
12,0.1,454,0.3531479586902366,0.008841208649304893,0.34076261600618174,0.35785640615436953,0.3608248539101585
12,0.31622776601683794,454,0.3607442986957308,0.016344004505503537,0.3391577451467349,0.37869336014565946,0.36438179079479815
12,1.0,454,0.40223387336389477,0.016373648428249978,0.382762107524955,0.4228225114917448,0.40111700107498444
12,3.1622776601683795,454,0.5099980755247988,0.004012504251699876,0.5148250931729431,0.505000923725538,0.5101682096759154
12,10.0,454,0.8000377520374852,0.02190521405718201,0.83004806791023,0.7916879160505003,0.7783772721517249
12,31.622776601683793,454,1.4791487992997656,0.0873791635048441,1.498812569738606,1.574970496231193,1.3636633319294982
12,100.0,454,3.019218757609742,0.2563166609867235,3.0432601165523057,3.3204293917777905,2.69396676449913
12,316.22776601683796,454,6.474397685149252,0.7476609033979746,6.774774361585586,7.202176105353411,5.446242588508756
12,1000.0,454,13.736680220680034,1.9256984748339225,15.366505656146437,14.811271065101876,11.032263940791786
13,1e-08,559,1541.6529075312346,1056.3033893925701,2702.332288463648,1775.7349792203063,146.89145490974883
13,3.162277660168379e-08,559,650.5780266629114,403.4425033187462,995.1453918024388,872.1265144230327,84.46217376326277
13,1e-07,559,245.92942823405528,146.86194429059506,377.59959303401376,319.1981624509633,40.99052921718879
13,3.162277660168379e-07,559,78.84604378154664,43.0312753464286,124.85230011462173,90.34080352965931,21.345027700358845
13,1e-06,559,29.72007934409309,18.189819613313297,54.11493882839529,24.591767609386693,10.453531594497287
13,3.162277660168379e-06,559,18.08862183123367,14.542838091528738,38.547281720558985,9.682376164467225,6.036207608674791
13,1e-05,559,12.091876126265598,9.816360424364602,25.97393611912734,5.238628459992767,5.06306379967669
13,3.1622776601683795e-05,559,6.282299884164556,3.8362432583323094,11.688906619432846,3.1896429326714553,3.9683501003893653
13,0.0001,559,2.8686850603147787,0.9273428525158433,4.115185882822649,1.8924135111898468,2.59845578693184
13,0.00031622776601683794,559,1.4694620439351116,0.22538171659074122,1.6395263804084879,1.150969025971994,1.617890725424853
13,0.001,559,0.9209206319268755,0.11792557758159063,0.9663740171229402,0.7592329552268612,1.0371549234308248
13,0.0031622776601683794,559,0.6718684672660648,0.10950278195487138,0.7829476913728519,0.5228818468996183,0.7097758635257239
13,0.01,559,0.5241475241424477,0.08738587144795736,0.634911651630482,0.4213005592667601,0.5162303615301009
13,0.03162277660168379,559,0.41817227280040387,0.03644436091476299,0.467258502527195,0.380020568659101,0.4072377472149157
13,0.1,559,0.35399426438318843,0.002543591755706741,0.3561978279439775,0.3504301627099447,0.35535480249564316
13,0.31622776601683794,559,0.339567693918559,0.0132310193194703,0.3229259084905608,0.3552965581278221,0.34048061513729416
13,1.0,559,0.3657432727196223,0.021388978255689584,0.34210265549663277,0.39390596485435536,0.3612211978078787
13,3.1622776601683795,559,0.44533679605596993,0.01614425649259921,0.42429106679887324,0.46352539525962494,0.44819392610941167
13,10.0,559,0.6768203401825762,0.014812223753616231,0.6559855489092066,0.6891183110602785,0.6853571605782437
13,31.622776601683793,559,1.2835745331158364,0.04643752071467055,1.2358796118402982,1.3465188076721122,1.2683251798350985
13,100.0,559,2.772929379978113,0.08534433306199303,2.7425586243468114,2.889276488109543,2.686953027477985
13,316.22776601683796,559,6.087729489952232,0.3634638910493703,6.377461237453985,6.310560007280068,5.575167225122645
13,1000.0,559,12.973229210120033,1.4138267510783178,14.56205043994074,13.230053320592296,11.127583869827061
14,1e-08,679,2061.7010331958095,787.7994792283351,2964.7807596737034,2175.20743790942,1045.1149020043051
14,3.162277660168379e-08,679,959.9754646283692,437.40144826111367,1295.4983278067907,1242.2677483052312,342.16031777308564
14,1e-07,679,426.78152240940767,218.90375222206413,557.184815632069,604.735206693498,118.42454490265587
14,3.162277660168379e-07,679,179.26374828644944,101.95545981821502,192.4137904244962,297.03775605939643,48.339698375455676
14,1e-06,679,64.33938315586838,38.813136149833184,57.04410708478409,115.10149367029146,20.872548712529575
14,3.162277660168379e-06,679,24.79834517392432,10.724376551690233,31.313671154401774,33.4015958988996,9.679768468471599
14,1e-05,679,14.138132200774878,8.649896560341325,26.19422809572497,9.904235747943668,6.315932758655997
14,3.1622776601683795e-05,679,7.211928822130225,4.181959649093285,13.125627647391477,4.189471383737435,4.32068743526176
14,0.0001,679,3.0590784669917253,0.7974134442878893,4.157904161549223,2.290032126293174,2.7292991131327784
14,0.00031622776601683794,679,1.513930531471079,0.159618285277616,1.5685629515030914,1.2969344081707874,1.6762942347393577
14,0.001,679,0.942281019706991,0.10236273663520598,0.9761795021640794,0.8034491938221363,1.047214363134757
14,0.0031622776601683794,679,0.7099394332288661,0.12341913200113463,0.8435258004396425,0.5458609214005596,0.7404315778463962
14,0.01,679,0.5773614843184075,0.11026960452022501,0.7031070756020034,0.4346130777172912,0.594364299635928
14,0.03162277660168379,679,0.4669189790275286,0.04861156529253529,0.5191851012284541,0.4021101403286248,0.479461695525507
14,0.1,679,0.3825172001550477,0.01327780506288691,0.38835158098088896,0.3641429672948693,0.3950570521893849
14,0.31622776601683794,679,0.3519720583218786,0.00847770219123783,0.34274614331523034,0.3499541017945011,0.3632159298559043
14,1.0,679,0.37507182428453123,0.006242985053852976,0.36624828893408906,0.379216737104877,0.3797504468146276
14,3.1622776601683795,679,0.4628972469445071,0.010755377672905471,0.46786790956195917,0.44796255387752826,0.472861277394034
14,10.0,679,0.7077135128543288,0.02218701571140031,0.7135679741330694,0.6780900378794967,0.7314825265504206
14,31.622776601683793,679,1.271806283660916,0.04425547895709014,1.2226672879415759,1.3299442258001946,1.262807337240978
14,100.0,679,2.490254598089848,0.18868713630898465,2.384025662013618,2.7553615494093573,2.331376582846569
14,316.22776601683796,679,5.272709432339507,0.5507673774852293,5.298398939219761,5.934047215813621,4.585682141985138
14,1000.0,679,11.465203461328551,1.5325547374281383,12.499788124334378,12.597247955984866,9.298574303666415
15,1e-08,815,3060.048024699829,2290.2830117004073,6049.166118204385,2645.754768314904,485.2231875801996
15,3.162277660168379e-08,815,1427.3731554100887,922.3265760630012,2454.1730109977616,1610.6015444337638,217.34491079874073
15,1e-07,815,612.7435841090438,349.1351962676481,910.1102945258042,805.4146745450843,122.70578325624308
15,3.162277660168379e-07,815,233.08650351645062,126.42300799451893,335.64982109542524,308.6304724248741,54.97921702905246
15,1e-06,815,81.64370523301777,40.22874877388581,124.13502628168287,93.16073795150461,27.63535146586586
15,3.162277660168379e-06,815,35.52786206983542,23.186456189743225,67.81897266477203,24.31999432500775,14.444619219726476
15,1e-05,815,23.368944063550874,20.222743746357867,51.96715504235666,9.28383286161548,8.855844286680494
15,3.1622776601683795e-05,815,14.578733631074934,12.310193468083868,31.971950796238378,5.235369826960377,6.528880270026052
15,0.0001,815,6.899303723878563,4.232734132088111,12.844697321484997,3.323880970290871,4.529332879859819
15,0.00031622776601683794,815,3.0615008686906147,1.018394047801818,4.430040112311996,1.9886248793324786,2.7658376144273684
15,0.001,815,1.5519921025929972,0.2840257435283887,1.867787869144271,1.1791274547896755,1.609060983845045
15,0.0031622776601683794,815,0.9589522253543256,0.1802607024919435,1.1656343873517556,0.7263720472201673,0.9848502414910538
15,0.01,815,0.6928882716522526,0.16523126155635148,0.9043451148561062,0.5010404138587738,0.6732792862418776
15,0.03162277660168379,815,0.5310027714851192,0.0952210599539651,0.6585848212535421,0.42989297356640577,0.50453051963541
15,0.1,815,0.4104086594130307,0.02859255598373834,0.44729490048496445,0.37761788048929174,0.4063131972648358
15,0.31622776601683794,815,0.3490677854783491,0.0032349094879058657,0.34812215735808416,0.34566422240434747,0.3534169766726158
15,1.0,815,0.3541434304709421,0.008416263309287821,0.34825955899927036,0.36604557125552173,0.3481251611580344
15,3.1622776601683795,815,0.42229284452926397,0.010187924923486922,0.4145519546246884,0.4366870572946422,0.4156395216684612
15,10.0,815,0.6262467970726163,0.020487616558525292,0.5976614062691478,0.6446346387273518,0.6364443462213495
15,31.622776601683793,815,1.1341923889915053,0.07670136600161052,1.0317133309953008,1.216224471049194,1.1546393649300206
15,100.0,815,2.315108634922106,0.15017838838904082,2.142475805714841,2.5085639883790605,2.2942861106724157
15,316.22776601683796,815,5.021244338392024,0.27497717777470276,5.011893470277935,5.362599283846103,4.689240261052036
15,1000.0,815,10.941665061859867,1.0654065860979172,11.95019201668191,11.406830192753379,9.467972976144315
16,1e-08,968,4253.06867077331,737.2563038567972,4673.3791662457825,4869.245439790415,3216.581406283734
16,3.162277660168379e-08,968,1956.3497882258819,801.4444623658452,2660.0976674198673,2373.9068275235486,835.0448697342298
16,1e-07,968,948.875758088189,420.84959652204407,1279.6423998481232,1211.99756653959,354.98730787685395
16,3.162277660168379e-07,968,446.6336527225062,211.20930705369412,555.3960532019652,633.1717590163375,151.33314594921606
16,1e-06,968,183.4073605036185,102.75964704837764,177.58572224942725,312.071505583902,60.5648536775262
16,3.162277660168379e-06,968,63.97087764004109,34.99373308752181,58.30251618492102,109.38139324874912,24.22872348645313
16,1e-05,968,28.165509444386867,12.903345975861795,43.57622377653712,28.92342108467889,11.996883471944592
16,3.1622776601683795e-05,968,16.135155383701047,11.11284757749646,31.825785013457253,9.061966392355517,7.517714745290366
16,0.0001,968,7.244801264762292,3.9770128493468335,12.865474937400009,4.258488847487846,4.6104400093990225
16,0.00031622776601683794,968,3.006792390534704,0.6866863681513168,3.9523122959888015,2.342195700971812,2.7258691746434986
16,0.001,968,1.5083906959037818,0.16605306716267443,1.6822296011281068,1.2847399083899091,1.5582025781933293
16,0.0031622776601683794,968,0.9444816207213426,0.16391821314333987,1.1535655180582491,0.7532406881720759,0.9266386559337028
16,0.01,968,0.7176925284386394,0.1885298398749727,0.9659444289924463,0.5093436822931459,0.6777894740303261
16,0.03162277660168379,968,0.5786873124873472,0.11152210789798118,0.7229997083757875,0.45142920786362106,0.5616330212226329
16,0.1,968,0.45255143559731775,0.034144267912936926,0.4924700536005302,0.4090629000996955,0.4561213530917276
16,0.31622776601683794,968,0.3735995645452994,0.010623463798606046,0.37449278260377755,0.36016493812519407,0.3861409729069267
16,1.0,968,0.37072155807485013,0.00507388323335108,0.37024545796162256,0.36475908935396145,0.37716012690896633
16,3.1622776601683795,968,0.44953609048207427,0.011260240864555786,0.45811916057757973,0.4336282859258499,0.4568608249427932
16,10.0,968,0.6786774081687371,0.025851317658458602,0.6728893340725236,0.6503094941307337,0.7128333963029544
16,31.622776601683793,968,1.1939973904386891,0.067950031747799,1.098830575414321,1.2300366128181486,1.2531249830835978
16,100.0,968,2.2314437455855116,0.17976132577922907,2.024874474014654,2.4630562949395522,2.2064004678023283
16,316.22776601683796,968,4.527309441378496,0.4350271500147836,4.363783911927506,5.122703866721118,4.0954405454868645
16,1000.0,968,9.80637060182911,1.2509829116920508,10.402037397177324,10.951216367970707,8.065858040339302
17,1e-08,1139,4647.962204981421,1859.9836203531886,6960.191802130545,4577.897276129207,2405.7975366845094
17,3.162277660168379e-08,1139,2267.605847374315,1475.1375558918423,4083.529263328754,2248.9488249493015,470.33945384488936
17,1e-07,1139,1089.2462556727094,640.6954351471119,1772.803725681715,1262.538243796289,232.39679754012369
17,3.162277660168379e-07,1139,480.2030058154732,246.4406314327085,693.4061335558043,612.3644980757172,134.83838581489795
17,1e-06,1139,183.32420096412918,80.58454636860475,247.94630213533452,232.3076255924953,69.71867516455771
17,3.162277660168379e-06,1139,73.34324660783193,32.53036021647045,114.07618877555235,71.49587567734964,34.45767537059378
17,1e-05,1139,42.31250232403056,31.37760773900337,86.66476851449808,21.35651838426114,18.91622007333246
17,3.1622776601683795e-05,1139,27.741818802200694,24.496531054812145,62.35006145053926,9.087806306731476,11.787588649331342
17,0.0001,1139,14.083423662218399,11.11587478206312,29.745593548001057,5.083435768940543,7.4212416697135914
17,0.00031622776601683794,1139,5.9390829997446914,3.113733080679908,10.284938290755795,3.151210731713111,4.381099976765167
17,0.001,1139,2.664672261922737,0.8165796009955142,3.770447454436256,1.823428488587599,2.400140842744356
17,0.0031622776601683794,1139,1.4059062441630361,0.34659468486306827,1.871448762421093,1.0403026240166167,1.3059673460513985
17,0.01,1139,0.914074877142772,0.27797348595018395,1.2918313846177696,0.6309686862944314,0.8194245605161152
17,0.03162277660168379,1139,0.6779575631420075,0.18459188367690718,0.9316968528529963,0.4979510674031062,0.6042247691699202
17,0.1,1139,0.5067121913630944,0.07011000130517266,0.602434908908034,0.4364680393360784,0.48123362584517093
17,0.31622776601683794,1139,0.38939658920191816,0.01411710368221195,0.40267307511145756,0.36984555739338665,0.3956711351009102
17,1.0,1139,0.36194444156354083,0.0026330532838596344,0.3656513773316466,0.36039662838960945,0.3597853189693664
17,3.1622776601683795,1139,0.42318209227542597,0.00895566251726748,0.4251408824680478,0.43303912613060785,0.4113662682276223
17,10.0,1139,0.6215516399077421,0.024588153773908914,0.5905144562318009,0.6506491080288778,0.6234913554625476
17,31.622776601683793,1139,1.0925953025311423,0.09888732428540757,0.9559145237484901,1.1865643456135382,1.135307038231399
17,100.0,1139,2.1003449247588506,0.2062342715129822,1.8288895627896138,2.328446043285593,2.143699168201345
17,316.22776601683796,1139,4.355122807422511,0.2886116195849531,4.136255694588253,4.76291502489856,4.166197702780719
17,1000.0,1139,9.43998351846786,0.8420127899340634,10.007974677532564,10.06236415223607,8.249611725634944
18,1e-08,1329,8958.935122247532,1793.439401515577,6719.414072569923,11109.737077583191,9047.654216589483
18,3.162277660168379e-08,1329,3607.3836727587936,1024.4766901216324,3953.0661837333014,4653.027720469175,2216.057114073905
18,1e-07,1329,1603.6591987371023,616.2448090018385,2068.475154799181,2009.6837482100586,732.8186932020672
18,3.162277660168379e-07,1329,806.1307876171381,304.3412724387662,964.6927295951846,1073.3739832912554,380.3256499649744
18,1e-06,1329,366.16609779905525,165.94119834512296,359.839605911733,572.4911107847041,166.16757670072866
18,3.162277660168379e-06,1329,140.6749934252429,78.51161139483824,112.86894438797081,247.6705923707566,61.485443517001265
18,1e-05,1329,56.56083924912275,21.900705583185623,69.04128770307531,74.86934538347559,25.771884660817367
18,3.1622776601683795e-05,1329,30.968079258128608,19.39621010144169,58.17134434237326,20.417057477171944,14.315835954840628
18,0.0001,1329,15.059791436027034,10.345352282400183,29.68662377496791,7.461239216873207,8.031511316239984
18,0.00031622776601683794,1329,5.848484074457725,2.5450748256963887,9.435416931670442,3.7970577439749023,4.312977547727829
18,0.001,1329,2.522210662278854,0.5141001143972826,3.2337019397441322,2.036913825160911,2.2960162219315183
18,0.0031622776601683794,1329,1.3281741641561522,0.2708224148105864,1.7063810261855934,1.0867558434718703,1.1913856228109927
18,0.01,1329,0.8940691435966924,0.2956272674158383,1.3077517740913966,0.6348519485966346,0.7396037081020461
18,0.03162277660168379,1329,0.7050108326536533,0.2119402441010279,0.9993945100192814,0.5090164481364025,0.6066215398052762
18,0.1,1329,0.5501823354724433,0.0796678159435079,0.6604137776931208,0.474887089955542,0.5152461387686671
18,0.31622776601683794,1329,0.42176919024361775,0.014924634459835027,0.4388843537925324,0.4025148588151781,0.42390835812314276
18,1.0,1329,0.3820025330238463,0.006394608727875255,0.3873957538087996,0.37301931716041087,0.3855925281023283
18,3.1622776601683795,1329,0.45052164873872713,0.009250052148481814,0.4616889486958782,0.4390376804742699,0.4508383170460333
18,10.0,1329,0.6776466811965216,0.016744206540907733,0.6643900106778127,0.6672824241258148,0.7012676087859375
18,31.622776601683793,1329,1.1787487444822355,0.0939565156542589,1.0489666072139077,1.218958081301509,1.26832154493129
18,100.0,1329,2.123343705096518,0.21239597346769493,1.831983776930183,2.332270159296654,2.2057771790627165
18,316.22776601683796,1329,4.080369686822062,0.38057014304717274,3.7699628074685454,4.616343566010512,3.8548026869871284
18,1000.0,1329,8.600018137672745,1.0449736774846146,8.870994197552688,9.722657271886913,7.206402943578635
19,1e-08,1539,8974.276317330818,1616.4126454522914,11099.247286071575,8641.556923618149,7182.024742302729
19,3.162277660168379e-08,1539,3817.7516944663244,1987.8976034301345,6349.950438388785,3609.2829118618142,1494.021733148374
19,1e-07,1539,1762.554755498054,1104.5203802089657,3132.3622312319662,1727.7806316412984,427.52140362089716
19,3.162277660168379e-07,1539,866.726689458125,429.4663565226412,1283.3573745549984,1041.1334148049575,275.68927901441924
19,1e-06,1539,374.77242805596643,149.88938798867076,450.33235112955276,508.5100063402151,165.4749266981313
19,3.162277660168379e-06,1539,147.01677975224968,47.37223846842031,176.1195730278096,184.7240095213448,80.20675670759466
19,1e-05,1539,75.02435720366489,37.88663981999265,127.80377002461859,56.625045150245256,40.64425643613084
19,3.1622776601683795e-05,1539,48.50840341855388,38.29914580488225,102.60725485862825,19.173685873821924,23.744269523211475
19,0.0001,1539,25.945783604806184,21.59774223506908,56.345159078514854,8.17662460228454,13.31556713361917
19,0.00031622776601683794,1539,10.73214346690878,7.105515014258564,20.67772567986372,4.515744198349481,7.00296052251314
19,0.001,1539,4.406231358075035,1.9042209257299474,7.0475009529670665,2.630780997674221,3.5404121235838177
19,0.0031622776601683794,1539,2.0702809495639305,0.6951235905852463,3.041388326261368,1.4524092485523326,1.717045273878092
19,0.01,1539,1.1990038343580391,0.4580189156649918,1.8425872546810307,0.8137907045150037,0.940633543878083
19,0.03162277660168379,1539,0.8505087359572662,0.31797053070703696,1.2971505636539629,0.5820082259289184,0.6723674182889171
19,0.1,1539,0.6319041783232792,0.1398346599972523,0.8286449704106443,0.5162019113059296,0.5508656532532634
19,0.31622776601683794,1539,0.45761519826368763,0.02971311723746201,0.4961636930018971,0.4238559873456325,0.4528259144435335
19,1.0,1539,0.3848810989715011,0.007538813642521064,0.3932710044653154,0.37498898192481805,0.38638331052437
19,3.1622776601683795,1539,0.43491729466092405,0.009408625848248317,0.44209950992690017,0.44102645498471804,0.4216259190711538
19,10.0,1539,0.6366634498349536,0.033409577445078345,0.6023972114728531,0.6819686913885162,0.6256244466434913
19,31.622776601683793,1539,1.101633789893932,0.11893593125783523,0.9384108430068233,1.2184210479537367,1.148069478721236
19,100.0,1539,2.021394206733341,0.2542683361031803,1.672147861696588,2.2701714282030165,2.121863330300419
19,316.22776601683796,1539,3.9575788550373265,0.3373393410417767,3.5794160922643985,4.398536079173169,3.8947843936744113
19,1000.0,1539,8.339280972583351,0.7081665779815626,8.572737474545752,9.065982267873672,7.379123175330629
20,1e-08,1770,18292.063615051815,1412.6810571314704,16296.71583908927,19376.005072189317,19203.46993387686
20,3.162277660168379e-08,1770,7011.669188895276,1201.8187235012879,7112.80626734551,8430.413698261,5491.787601079318
20,1e-07,1770,2737.2987645248236,856.6431659380036,3492.829334942037,3179.6776364594657,1539.3893221729688
20,3.162277660168379e-07,1770,1360.554389070801,413.1249954573014,1554.2138491623164,1741.0928638158423,786.3564542342446
20,1e-06,1770,663.2428024951073,262.9444903926144,574.9254526878287,1020.2268948986863,394.57605989880665
20,3.162277660168379e-06,1770,268.7132849811777,149.24936441817803,180.69688004313142,478.8626729376698,146.58030196273197
20,1e-05,1770,105.88952762023631,45.497091277996695,97.49206710814218,165.33398137456336,54.842534378003315
20,3.1622776601683795e-05,1770,54.589744273619544,26.16150173807953,90.2675541978472,45.23356700048162,28.268111622529787
20,0.0001,1770,27.927786062942626,19.23024835127968,55.10885869942562,13.565469189414218,15.10903029998804
20,0.00031622776601683794,1770,10.850949324960162,6.252554333476487,19.64856505807376,5.681997576412827,7.222285340393899
20,0.001,1770,4.168021215469311,1.395244261631088,6.122180349515547,2.954284969817701,3.4275983270746857
20,0.0031622776601683794,1770,1.9254729900245866,0.5232450499695844,2.6646125613644673,1.5253648017092534,1.5864416070000382
20,0.01,1770,1.1312366519609138,0.45168262474416004,1.7700030644493796,0.8148355508660845,0.8088713405672778
20,0.03162277660168379,1770,0.8474662701988821,0.35611883493308916,1.3507898493411585,0.5806397880588948,0.6109691731965932
20,0.1,1770,0.6657590405463907,0.1631926199516641,0.8965424561331239,0.5517844169506982,0.5489502485553499
20,0.31622776601683794,1770,0.4930432950578844,0.03632687979174341,0.5442890497487798,0.47056171724067214,0.4642791181842012
20,1.0,1770,0.40730405690832683,0.008337855830244524,0.4190900779716376,0.4017225594427065,0.40109953331063647
20,3.1622776601683795,1770,0.4590270938259963,0.009464895597632323,0.4721529901617548,0.45473560048890477,0.45019269082732916
20,10.0,1770,0.6885029580202154,0.015355268875475678,0.668419616581652,0.7056980175066333,0.6913912399723611
20,31.622776601683793,1770,1.1935113585057415,0.11201435403592735,1.035402496121495,1.2640796838890334,1.2810518955066958
20,100.0,1770,2.099317664300689,0.25986684257033443,1.7326976178193438,2.304729043602127,2.2605263314805963
20,316.22776601683796,1770,3.8302798110964233,0.379820555430764,3.3922632182253487,4.318549281429744,3.7800269336341765
20,1000.0,1770,7.730258916050206,0.8883847976175876,7.753561409501231,8.806465228155945,6.6307501104934445
